8:1|“At that time,” declares the **LORD**, “the bones of Judah’s kings and officials, the bones of the priests and prophets, and the bones of Jerusalem’s inhabitants will be brought out of their graves.|Retains all five groups and repeated bones; reads recorded plural verb without identifying the agents.
8:2|They will be spread out before the sun, the moon, and all the host of heaven—the ones they loved, served, followed, sought, and bowed down to. The bones will not be gathered or buried. They will lie like dung on the ground.|Keeps the five worship verbs and shame of unburied remains before the objects of devotion.
8:3|All who remain of this evil family will prefer death to life, wherever I have driven the survivors,” declares the **LORD** of hosts.|Preserves exile and survivors without smoothing the stated preference for death.
8:4|“Tell them: This is what the **LORD** says:\nWhen people fall, don’t they get up?\nWhen someone turns away, doesn’t that person turn back?|Makes generic subjects clear while retaining paired questions and turn wordplay.
8:5|Then why has this people turned away—\nJerusalem—in a lasting refusal to return?\nThey cling to deceit;\nthey refuse to turn back.|Keeps Jerusalem’s apposition and repeated return language.
8:6|I have listened closely,\nbut they do not speak honestly.\nNo one regrets their evil\nand asks, ‘What have I done?’\nEveryone returns to their own course,\nlike a horse charging into battle.|Follows recorded course reading and retains self-question and battle image.
8:7|Even the stork in the sky knows its appointed seasons;\nthe turtledove, swift, and crane\nkeep the time of their return.\nBut my people do not know\nthe **LORD**’s judgment.|Retains four birds, recorded swift reading, and contrast with divine judgment.
8:8|How can you say, ‘We are wise;\nthe **LORD**’s instruction is with us’?\nLook—the lying pen of the scribes\nhas turned it into a lie.|Keeps challenge to scribal handling of instruction; does not expand into a theory of scripture.
8:9|The wise are put to shame,\nshattered and trapped.\nThey have rejected the **LORD**’s word;\nwhat wisdom do they have?|Preserves rejection as basis of the rhetorical wisdom question.
8:10|So I will give their wives to others\nand their fields to new owners.\nFrom the least to the greatest,\neveryone is greedy for gain.\nFrom prophet to priest,\neveryone deals in lies.|Retains gender-specific threatened dispossession and both social ranges.
8:11|They treat the wound of my daughter, my people,\nas though it were slight,\nsaying, ‘Peace, peace,’\nwhen there is no peace.|Retains personified daughter and repeated peace rather than flattening to reassurance.
8:12|Were they ashamed of the detestable things they did?\nThey felt no shame at all;\nthey did not know how to blush.\nSo they will fall among the fallen;\nwhen I call them to account, they will stumble,”\nsays the **LORD**.|Keeps shame questions and fall/stumble imagery; renders visitation as accountability.
8:13|“I will sweep them away,” declares the **LORD**.\n“No grapes on the vine,\nno figs on the fig tree;\nthe leaves have withered.\nWhat I gave them will pass away from them.”|Adopts removal sense in difficult gathering verb and states uncertainty about last clause in note.
8:14|“Why are we sitting here?\nGather together!\nLet’s enter the fortified cities\nand perish there.\nFor the **LORD** our God has doomed us\nand given us poisoned water to drink,\nbecause we sinned against the **LORD**.|Retains collective speech, repeated divine names, and destruction sense of silence verb.
8:15|We hoped for peace, but no good came;\nfor a time of healing, but look—terror!”|Keeps peace/healing hopes and abrupt terror.
8:16|From Dan comes the snorting of his horses;\nat the neighing of his stallions,\nthe whole land trembles.\nThey come and devour the land and all it holds,\nthe city and those who live in it.|Leaves unnamed enemy possessive intact; preserves Dan and total devastation.
8:17|“Look, I am sending snakes among you,\nadders that cannot be charmed.\nThey will bite you,” declares the **LORD**.|Keeps serpent attack as divine speech, without turning it into an explicit allegory.
8:18|My comfort fails in sorrow;\nmy heart is sick within me.|Uses tentative comfort sense of rare expression; note marks uncertainty and speaker ambiguity.
8:19|Listen! My daughter, my people, cries out\nfrom a distant land:\n‘Is the **LORD** no longer in Zion?\nIs her king no longer there?’\n‘Why have they provoked me with their carved images,\nwith foreign things of emptiness?’|Keeps voices distinct through quotation and preserves idols as empty things.
8:20|“The harvest is past,\nthe summer is over,\nand we have not been saved.”|Preserves compact seasonal lament without interpreting rescue timing.
8:21|At the breaking of my daughter, my people, I am broken.\nI mourn;\nhorror has taken hold of me.|Preserves shared breaking language and mourning voice.
8:22|Is there no balm in Gilead?\nIs there no healer there?\nWhy, then, has healing not come\nto my daughter, my people?|Retains three questions and regional healing image rather than answering them.
8:23|If only my head were water\nand my eyes a spring of tears!\nI would weep day and night\nfor the slain of my daughter, my people.|Retains repository Hebrew 8:23 label and embodied unending lament; common English numbering places this at 9:1.
9:1|If only I had a travelers’ shelter in the wilderness!\nI would leave my people\nand go away from them.\nFor they are all adulterers,\na gathering of traitors.|Retains repository Hebrew 9:1 label and desire to leave the adulterous gathering; common English numbering places this at 9:2.
9:2|“They bend their tongues like bows;\nlies, not faithfulness, prevail in the land.\nThey go from one evil to another\nand do not know me,” declares the **LORD**.|Keeps tongue-bow image and failure to know God without identifying a human speaker.
9:3|“Beware of your neighbor;\ndo not trust any brother.\nEvery brother is a schemer,\nand every neighbor spreads slander.|Retains brother alongside neighbor and notes Jacob-like verbal wordplay.
9:4|They deceive one another\nand do not speak the truth.\nThey have trained their tongues to lie;\nthey wear themselves out doing wrong.|Keeps learned lying and exhausting wrongdoing rather than moral paraphrase.
9:5|You live surrounded by deceit.\nIn their deceit they refuse to know me,”\ndeclares the **LORD**.|Retains singular you and plural their without forced speaker identification.
9:6|So this is what the **LORD** of hosts says:\n“Look, I will refine them and test them.\nWhat else can I do\nbecause of my daughter, my people?|Keeps refining/testing and difficult motivating question.
9:7|Their tongue is a deadly arrow;\nit speaks deceit.\nWith the mouth, someone speaks peace to a neighbor,\nwhile inwardly laying an ambush.|Uses deadly sense of arrow adjective with written/read uncertainty noted.
9:8|Should I not call them to account for this?”\ndeclares the **LORD**.\n“Should I not avenge myself\non a nation like this?|Retains repeated judgment questions and personal divine vengeance.
9:9|I will lift up weeping and wailing over the mountains,\na lament over the wilderness pastures.\nThey are burned out; no one passes through.\nNo sound of livestock is heard.\nBirds of the sky and animals alike\nhave fled and gone.|Preserves first-person lament and animal loss, without overassigning speaker.
9:10|I will make Jerusalem a heap of ruins,\na home for jackals.\nI will make Judah’s cities desolate,\nwith no one living there.”|Keeps divine devastation and concrete jackal habitation.
9:11|Who is wise enough to understand this? To whom has the **LORD** spoken, so that they can explain it? Why has the land perished, burned out like a wilderness where no one passes?|Keeps three linked questions and asks for an explanation rather than supplying one early.
9:12|The **LORD** said, “Because they abandoned my instruction, which I set before them. They did not listen to my voice or walk in it.|Keeps instruction, hearing, and walking as linked covenant images.
9:13|Instead, they followed their stubborn hearts and the Baals, as their fathers taught them.”|Preserves fathers as transmitters and plural Baals.
9:14|So this is what the **LORD** of hosts, Israel’s God, says: “Look, I am feeding this people wormwood and giving them poisoned water to drink.|Retains food and drink judgment images without substituting abstract suffering.
9:15|I will scatter them among nations neither they nor their fathers knew. I will send the sword after them until I have brought them to an end.”|Retains unfamiliar exile destinations and full force of threatened destruction.
9:16|This is what the **LORD** of hosts says:\n“Consider this: call the mourning women; let them come.\nSend for the skilled women; let them come.|Keeps female specialists and repeated summons.
9:17|Let them hurry and lift up a wail over us,\nso our eyes stream with tears\nand our eyelids flow with water.|Preserves plural us and embodied mourning without correcting speaker shift.
9:18|For a voice of wailing is heard from Zion:\n‘How we have been devastated!\nHow deeply we are ashamed!\nWe have left the land;\nour homes have been torn down.’|Chooses destruction sense for difficult dwelling clause; note retains displacement alternative.
9:19|Women, hear the **LORD**’s word;\nlet your ears receive what his mouth says.\nTeach your daughters to wail,\nand one another to lament.|Keeps female address and transmission of lament across generations.
9:20|Death has climbed through our windows\nand entered our palaces,\nto cut off children from the street\nand young men from the squares.|Retains personified intruding Death and age/gender-specific victims.
9:21|Say: ‘This is what the **LORD** declares:\nHuman corpses will fall like dung on the open field,\nlike cut grain behind the reaper,\nwith no one to gather it.’”|Retains unburied corpses and agricultural image without euphemism.
9:22|This is what the **LORD** says:\n“Let the wise not boast in their wisdom,\nthe strong not boast in their strength,\nor the rich boast in their riches.|Keeps three parallel prohibitions and root repetitions.
9:23|Let anyone who boasts boast in this:\nthat they understand and know me,\nthat I am the **LORD**, who acts with steadfast love,\njustice, and righteousness on earth.\nFor these are what delight me,”\ndeclares the **LORD**.|Retains knowing God and three consequential biblical terms; both names retained.
9:24|“Look, days are coming,” declares the **LORD**, “when I will call to account all who are circumcised yet uncircumcised—|Preserves deliberately paradoxical circumcision language and continuing list.
9:25|Egypt, Judah, Edom, the Ammonites, Moab, and all who clip the edges of their hair and live in the wilderness. For all these nations are uncircumcised, and the whole house of Israel is uncircumcised in heart.”|Retains Judah in list, hair practice, and bodily/heart contrast without harmonization.
10:1|House of Israel, hear the word the **LORD** has spoken about you.|Keeps collective Israel address and divine speech.
10:2|This is what the **LORD** says:\n“Do not learn the way of the nations\nor be terrified by signs in the sky,\nthough the nations are terrified by them.|Retains signs and nations contrast without importing astrology details into text.
10:3|The peoples’ customs are emptiness.\nSomeone cuts a tree from the forest;\na craftworker shapes it with a tool.|Keeps emptiness image and human manufacture; tool identification remains broad.
10:4|They adorn it with silver and gold,\nfasten it with nails and hammers\nso it will not wobble.|Preserves material sequence and dependence on fastening.
10:5|Like scarecrows in a cucumber field,\nthey cannot speak.\nThey must be carried, because they cannot walk.\nDo not fear them:\nthey can do no harm,\nand they have no power to do good.”|Uses field-scarecrow reading with alternative noted; retains both limits of agency.
10:6|No one is like you, **LORD**.\nYou are great;\nyour name is great in might.|Preserves direct prayer and repeated greatness.
10:7|Who would not fear you, King of the nations?\nIt is your due.\nAmong all the nations’ wise ones\nand throughout their kingdoms,\nno one is like you.|Keeps universal kingship and fear due to God without changing it to admiration.
10:8|All together they are senseless and foolish;\nthe instruction of empty idols is only wood.|Keeps sharp equation of idol instruction with wood; note acknowledges compressed syntax.
10:9|Beaten silver comes from Tarshish\nand gold from Uphaz,\nthe work of a craftworker and a goldsmith’s hands.\nBlue and purple are their clothing;\nall of it is skilled workers’ handiwork.|Retains pinned Uphaz, trade materials, colors, and workmanship.
10:10|But the **LORD** is the true God;\nhe is the living God and everlasting King.\nThe earth trembles at his anger;\nthe nations cannot endure his fury.|Retains contrast and distinct divine titles.
10:11|This is what you are to tell them: “The gods who did not make the heavens and the earth will vanish from the earth and from beneath these heavens.”|Translates the Aramaic sentence directly; preserves make/vanish wordplay in note rather than invented rhyme.
10:12|He made the earth by his power,\nestablished the world by his wisdom,\nand stretched out the heavens by his understanding.|Keeps three creation actions and corresponding attributes.
10:13|When he gives voice, waters roar in the heavens.\nHe raises clouds from the ends of the earth,\nmakes lightning for the rain,\nand brings wind out of his storehouses.|Keeps heavenly water and storehouse imagery; reads recorded definite earth.
10:14|Everyone is senseless, without knowledge;\nevery goldsmith is shamed by the carved image.\nThe image he casts is a lie;\nthere is no breath in them.|Keeps universal human limitation, craftworker shame, and absent breath.
10:15|They are emptiness, objects of mockery.\nWhen they are called to account, they will perish.|Preserves emptiness and visitation language without giving idols actual divinity.
10:16|Jacob’s portion is not like these,\nfor he is the one who forms everything.\nIsrael is the tribe of his inheritance;\nthe **LORD** of hosts is his name.|Retains mutual portion/inheritance relationship and divine title.
10:17|Gather your bundle from the ground,\nyou who live under siege.|Follows recorded feminine resident and retains urgent packing image.
10:18|For this is what the **LORD** says:\n“This time I am slinging out the land’s inhabitants.\nI will press them hard,\nso that they feel it.”|Retains sling metaphor and difficult find clause with note rather than unsupported detailed outcome.
10:19|Oh, my brokenness!\nMy wound is severe.\nYet I said, “This is my sickness,\nand I must bear it.”|Keeps lament and self-address; does not force identification of personified speaker.
10:20|My tent is destroyed;\nall its ropes are snapped.\nMy children have gone from me and are no more.\nThere is no one left to pitch my tent\nor hang its curtains.|Retains tent family image and ambiguous absence/death of children.
10:21|The shepherds have become senseless\nand have not sought the **LORD**.\nSo they have not prospered,\nand their whole flock is scattered.|Keeps shepherd metaphor and causal failure without naming a modern institution.
10:22|Listen—a report is coming!\nA great uproar from the northern land,\nto turn Judah’s cities into a wasteland,\na home for jackals.|Preserves unnamed northern threat and repeated jackal image.
10:23|I know, **LORD**, that people do not own their way;\nthose who walk cannot direct their own steps.|Keeps road/steps image and generic human scope.
10:24|Correct me, **LORD**, but with justice,\nnot in your anger,\nor you will reduce me to nothing.|Retains request for correction and justice rather than immunity.
10:25|Pour out your fury on the nations that do not know you,\non the families that do not call on your name.\nFor they have devoured Jacob—\ndevoured him and consumed him—\nand laid waste his home.|Preserves harsh prayer and repeated devouring rather than toning down vengeance.
11:1|The word that came to Jeremiah from the **LORD**:|Retains prophetic introduction without adding a historical date.
11:2|“Hear the words of this covenant, and speak them to the people of Judah and the inhabitants of Jerusalem.|Keeps plural hear and singular commission in English without inventing the audience’s identity.
11:3|Tell them: This is what the **LORD**, Israel’s God, says: Cursed is anyone who does not listen to the words of this covenant,|Preserves covenant curse and continuing sentence.
11:4|which I commanded your ancestors when I brought them out of Egypt, out of the iron furnace. I said, ‘Listen to my voice and do everything I command you. Then you will be my people, and I will be your God.’|Retains iron furnace and reciprocal covenant formula.
11:5|This was to fulfill the oath I swore to your ancestors, to give them a land flowing with milk and honey, as it is today.” I answered, “Amen, **LORD**.”|Keeps oath, inherited land image, and prophet’s audible response.
11:6|The **LORD** said to me, “Proclaim all these words in Judah’s cities and Jerusalem’s streets: Hear the words of this covenant and do them!|Retains public locations and hearing-to-doing link.
11:7|From the day I brought your ancestors up from Egypt until today, I warned them insistently, again and again: ‘Listen to my voice.’|Renders early-rising idiom as repeated urgency rather than literal schedule.
11:8|But they did not listen or incline their ears. Each followed the stubbornness of their evil heart. So I brought on them all the terms of this covenant, which I commanded them to carry out, but they did not.”|Keeps listening image and consequences as covenant terms, not an added curse list.
11:9|The **LORD** said to me, “A conspiracy has been found among the people of Judah and the inhabitants of Jerusalem.|Preserves conspiracy charge and both locations.
11:10|They have returned to the sins of their forefathers, who refused to hear my words. They have followed other gods to serve them. The house of Israel and the house of Judah have broken the covenant I made with their ancestors.|Keeps return-to-sin contrast and names both houses.
11:11|So this is what the **LORD** says: Look, I am bringing a disaster on them that they cannot escape. They will cry out to me, but I will not listen to them.|Preserves troubling refusal of prayer without softening.
11:12|Then Judah’s cities and Jerusalem’s inhabitants will go and cry out to the gods to whom they burn offerings. But those gods will certainly not save them in their time of disaster.|Makes divine referent clear and retains emphatic inability to save.
11:13|Judah, you have as many gods as cities. You have set up as many altars to Shame as there are streets in Jerusalem—altars for burning offerings to Baal.|Preserves numerical comparison and derogatory Shame designation explained by Baal.
11:14|As for you, do not pray for this people or lift up a cry or prayer for them. I will not listen when they call to me because of their disaster.|Keeps direct prohibition to prophet and repeated prayer language.
11:15|What is my beloved doing in my house\nwhile so many carry out wicked schemes?\nSacred meat will pass away from you;\nyou rejoice in your evil.|Retains difficult pinned clause without silently replacing consonants; note records uncertainty.
11:16|The **LORD** called you\n‘A flourishing olive tree, beautiful with fine fruit.’\nWith the sound of a great roar,\nhe set it on fire,\nand its branches were broken.|Keeps named olive image and sudden destruction; avoids overidentifying the roar.
11:17|The **LORD** of hosts, who planted you, has pronounced disaster against you because of the evil the house of Israel and the house of Judah did, provoking me by burning offerings to Baal.”|Preserves planter/judgment relation and third-to-first divine speech shift.
11:18|The **LORD** made it known to me, and I knew. Then you showed me what they were doing.|Retains third-to-second person address and knowledge repetition.
11:19|I was like a tame lamb led to slaughter. I did not know they were plotting against me: “Let’s destroy the tree with its fruit! Let’s cut him off from the land of the living, so his name is remembered no more.”|Keeps innocent lamb and conspirators’ tree metaphor; fruit sense of food noted.
11:20|But **LORD** of hosts, you judge justly\nand test the innermost being and heart.\nLet me see your vengeance on them,\nfor I have laid my case before you.|Retains legal plea and vengeance; kidneys image explained in note.
11:21|So this is what the **LORD** says about the men of Anathoth who seek your life and say, “Do not prophesy in the **LORD**’s name, or you will die by our hands.”|Keeps hometown threat, specific men, and both divine names.
11:22|This is what the **LORD** of hosts says: “Look, I am calling them to account. Their young men will die by the sword; their sons and daughters will die of hunger.|Retains age and gender distinctions and severe punishment.
11:23|No remnant will remain for them, for I will bring disaster on the men of Anathoth in the year they are called to account.”|Keeps no-remnant claim without harmonizing with later restoration.
12:1|You are righteous, **LORD**,\nwhen I bring my case before you.\nStill, I want to speak with you about justice.\nWhy does the way of the wicked prosper?\nWhy do all the treacherous live at ease?|Keeps acknowledgment and genuine challenge together; no apologetic answer added.
12:2|You planted them, and they took root.\nThey grow and bear fruit.\nYou are near in their mouths\nbut far from their innermost being.|Retains divine responsibility in planting and mouth/inward contrast.
12:3|But you, **LORD**, know me;\nyou see me and test my heart toward you.\nDrag them away like sheep for slaughter;\nset them apart for the day of killing.|Preserves violent petition and consecration verb’s troubling use.
12:4|How long will the land mourn\nand the grass in every field wither?\nBecause of the evil of those who live there,\nanimals and birds are swept away.\nFor they say, ‘He will not see what happens to us.’|Retains ecological harm and ambiguous he; note gives uncertainty.
12:5|“If racing against people on foot has worn you out,\nhow will you compete with horses?\nIf you feel secure in a peaceful land,\nhow will you manage in the Jordan’s thickets?|Keeps demanding answer in paired images and notes pride/thicket idiom.
12:6|Even your brothers and your father’s household\nhave betrayed you.\nEven they shout after you at full voice.\nDo not trust them,\neven when they speak kindly to you.|Retains family betrayal and loud cry without adding an unattested mob.
12:7|I have left my house,\nabandoned my inheritance.\nI have handed the beloved of my soul\nover to her enemies.|Keeps divine loss, feminine beloved, and inheritance language.
12:8|My inheritance has become to me\nlike a lion in the forest.\nShe has roared against me;\nthat is why I hate her.|Preserves painful hate language and gendered lion image.
12:9|Is my inheritance a speckled bird of prey,\nwith birds of prey surrounding her?\nGo, gather all the wild animals;\nbring them to devour!|Retains uncertain bird image and predatory summons; hyena alternative noted.
12:10|Many shepherds have ruined my vineyard;\nthey have trampled my plot of land.\nThey have made my cherished plot\na desolate wilderness.|Keeps shepherd/vineyard mixed imagery and repeated plot.
12:11|It has been made a wasteland;\ndesolate, it mourns before me.\nThe whole land lies waste,\nbecause no one takes it to heart.|Keeps land as mourning subject and lack of human attention.
12:12|Destroyers have come\nover all the bare heights in the wilderness.\nThe **LORD** has a sword that devours\nfrom one end of the land to the other.\nNo flesh has peace.|Retains consuming sword and broad flesh expression.
12:13|They sowed wheat but reaped thorns.\nThey exhausted themselves but gained nothing.\nBe ashamed of your harvests\nbecause of the **LORD**’s burning anger.”|Keeps frustrating harvest and source shift from they to you.
12:14|This is what the **LORD** says about all my evil neighbors who lay hands on the inheritance I gave my people Israel: “Look, I will uproot them from their soil, and I will uproot the house of Judah from among them.|Preserves God’s own neighbors designation and repeated uprooting of different groups.
12:15|After I have uprooted them, I will again have compassion on them and bring each back to their own inheritance and their own land.|Keeps compassion and return extended to neighboring peoples, not only Judah.
12:16|If they truly learn my people’s ways and swear by my name, ‘As the **LORD** lives’—just as they taught my people to swear by Baal—they will be built up among my people.|Retains conditional inclusion and reversal of religious teaching.
12:17|But if they do not listen, I will uproot that nation completely and destroy it,” declares the **LORD**.|Keeps conditional threat alongside prior promise without reconciliation.
13:1|This is what the **LORD** said to me: “Go and buy a linen waistcloth. Put it around your waist, but do not put it in water.”|Uses waistcloth for worn linen object and retains water prohibition.
13:2|So I bought the waistcloth as the **LORD** had said and put it around my waist.|Preserves straightforward obedient action and repeated object.
13:3|The **LORD**’s word came to me a second time:|Retains sequence of renewed speech.
13:4|“Take the waistcloth you bought, the one around your waist. Go at once to Perath and hide it there in a crevice in the rock.”|Retains Hebrew place-name rather than silently deciding Euphrates or local site.
13:5|I went and hid it at Perath, as the **LORD** had commanded me.|Keeps repeated location and obedience.
13:6|Many days later, the **LORD** said to me, “Go at once to Perath and get the waistcloth I told you to hide there.”|Preserves indefinite elapsed time and retrieval command.
13:7|I went to Perath, dug up the waistcloth, and took it from the place where I had hidden it. It was ruined—good for nothing.|Keeps excavation and emphatic uselessness without adding an explanation of decay.
13:8|Then the **LORD**’s word came to me:|Retains interpretation introduced as divine speech.
13:9|“This is what the **LORD** says: In the same way, I will ruin Judah’s pride and Jerusalem’s great pride.|Keeps ruin as connection between sign and meaning.
13:10|This evil people refuses to listen to my words. They follow their stubborn hearts and go after other gods to serve and worship them. They will be like this waistcloth, good for nothing.|Retains refusal, pursuit, service/worship, and repeated uselessness.
13:11|As a waistcloth clings to a man’s waist, so I made the whole house of Israel and the whole house of Judah cling to me,” declares the **LORD**, “to be my people, my name, my praise, and my glory. But they would not listen.|Keeps physical closeness, specific man, both houses, and fourfold intended relation.
13:12|“Tell them this: This is what the **LORD**, Israel’s God, says: Every jar will be filled with wine. They will answer, ‘Don’t we know that every jar will be filled with wine?’|Retains seemingly obvious saying and mocking reply before explanation.
13:13|Then tell them: This is what the **LORD** says: Look, I am filling everyone who lives in this land with drunkenness—the kings who sit on David’s throne, the priests, the prophets, and everyone who lives in Jerusalem.|Preserves all groups and drunkenness as divine filling.
13:14|I will smash them against one another, fathers and sons together,” declares the **LORD**. “No pity, no mercy, no compassion will keep me from destroying them.”|Keeps violent jar metaphor and threefold refusal of pity.
13:15|Listen and pay attention;\ndo not be proud,\nfor the **LORD** has spoken.|Retains paired listening commands and pride connection.
13:16|Give glory to the **LORD** your God\nbefore he brings darkness,\nbefore your feet stumble on the mountains at dusk.\nYou hope for light,\nbut he will turn it to deep darkness,\nmake it thick gloom.|Keeps temporal urgency, stumbling setting, and recorded final verbal connection.
13:17|But if you will not listen,\nmy soul will weep in secret because of your pride.\nMy eyes will weep bitterly and stream with tears,\nfor the **LORD**’s flock has been taken captive.|Preserves concealed grief and shepherd image without merging voice into a narrator.
13:18|Say to the king and the queen mother,\n“Take a low seat,\nfor your glorious crown\nhas fallen from your heads.”|Retains queen mother’s royal standing and lowered seat/crown image.
13:19|The cities of the Negeb are shut,\nwith no one to open them.\nAll Judah has gone into exile,\nwholly carried away.|Keeps geographic Negeb and emphatic totality.
13:20|Lift your eyes and see those coming from the north!\nWhere is the flock entrusted to you,\nyour glorious sheep?|Preserves entrustment question; English you accommodates written/read number change.
13:21|What will you say when he sets over you as rulers\nthose you trained to be your close friends?\nWill pain not seize you\nlike a woman in labor?|Adopts appointment sense with ambiguous clause noted; retains childbirth pain.
13:22|And if you ask yourself,\n‘Why has this happened to me?’—\nit is because of your great guilt\nthat your skirts have been stripped back\nand your body violated.|Preserves sexual violence implied by exposed skirts and violated heels; note names literal image.
13:23|Can a Cushite change his skin,\nor a leopard its spots?\nThen you too could do good,\nthough you are trained in doing evil.|Keeps specific ethnic comparison and sarcastic impossibility without implying dark skin itself is evil.
13:24|“I will scatter them like straw\nblown by a wilderness wind.|Keeps scatter image and third-person them.
13:25|This is your lot,\nthe portion I have measured out for you,”\ndeclares the **LORD**,\n“because you forgot me\nand trusted in falsehood.|Preserves measured allotment and forgotten God/false trust pair.
13:26|I myself will strip your skirts up over your face,\nand your shame will be seen.|Retains divine agency and exposure metaphor without euphemizing harm.
13:27|Your adulteries, your lustful neighing,\nyour shameless prostitution—\non the hills, in the open country,\nI have seen your abominations.\nWoe to you, Jerusalem!\nHow much longer before you are clean?”|Keeps animal/sexual imagery and unsettled concluding question.
14:1|The **LORD**’s word that came to Jeremiah concerning the droughts:|Retains plural droughts and prophetic heading.
14:2|Judah mourns;\nher gates languish.\nThey sink to the ground in mourning,\nand Jerusalem’s cry rises.|Keeps personified gates and downward/upward contrast.
14:3|Her nobles send their servants for water.\nThey come to the cisterns and find none.\nThey return with empty jars,\nashamed and humiliated,\ntheir heads covered.|Renders lesser/younger ones as servants in context; retains mourning gesture.
14:4|The ground is cracked,\nfor no rain has fallen on the land.\nThe farmers are ashamed;\nthey cover their heads.|Keeps cause of agricultural collapse and repeated gesture.
14:5|Even a doe in the field gives birth\nand abandons her fawn,\nbecause there is no grass.|Retains animal suffering and reason without moralizing the mother.
14:6|Wild donkeys stand on the bare heights,\npanting for air like jackals.\nTheir eyes fail\nbecause there is no vegetation.|Keeps exact animal comparison and failing eyes.
14:7|Though our wrongs testify against us,\n**LORD**, act for your name’s sake.\nOur acts of turning away are many;\nwe have sinned against you.|Keeps confession as basis of plea and recurring turn language.
14:8|Hope of Israel,\nits savior in time of trouble,\nwhy are you like a resident foreigner in the land,\na traveler who turns aside for the night?|Preserves challenging temporary-resident comparison and divine titles.
14:9|Why are you like a stunned man,\na warrior unable to save?\nYet you are among us, **LORD**;\nyour name is called over us.\nDo not abandon us!|Retains accusation of apparent helplessness alongside claim of belonging.
14:10|This is what the **LORD** says about this people: “They love to wander like this; they have not restrained their feet. So the **LORD** does not accept them. Now he will remember their guilt and call their sins to account.”|Keeps wandering feet and first-to-third-person divine statement.
14:11|The **LORD** said to me, “Do not pray for this people’s good.|Keeps refusal of intercession concise and unsmoothed.
14:12|When they fast, I will not hear their cry. When they offer burnt offerings and grain offerings, I will not accept them. Instead, I will bring them to an end by sword, famine, and plague.”|Retains forms of worship and threefold destruction.
14:13|I said, “Ah, Lord **GOD**! The prophets keep telling them, ‘You will not see the sword, and famine will not come upon you. I will give you lasting peace in this place.’”|Keeps prophet’s objection and quoted divine claim within false prophecy.
14:14|The **LORD** said to me, “Those prophets are prophesying lies in my name. I did not send them, command them, or speak to them. What they prophesy to you is a lying vision, divination, emptiness, and the deceit of their own hearts.|Preserves three negated authorizations and fourfold false content; follows recorded deceit reading.
14:15|So this is what the **LORD** says about the prophets who prophesy in my name though I did not send them, who say, ‘Sword and famine will not come to this land’: By sword and famine those prophets will meet their end.|Retains symmetrical denial and fate rather than compressing repetition.
14:16|The people to whom they prophesy will be thrown out in Jerusalem’s streets because of famine and sword. No one will bury them—them, their wives, their sons, or their daughters. I will pour their own evil upon them.|Keeps full family victims and evil poured back upon perpetrators.
14:17|Tell them this:\n‘Let my eyes stream with tears\nnight and day, without stopping.\nFor my virgin daughter, my people,\nis broken with a great fracture,\na terribly severe wound.|Retains personification, virgin designation, and repeated wound language.
14:18|If I go out into the field—look, those slain by the sword!\nIf I enter the city—look, those sick with hunger!\nProphet and priest alike\nwander into a land they do not know.’”|Keeps paired scenes and uncertain final travel clause without assuming trade or exile as certain.
14:19|Have you utterly rejected Judah?\nDoes your soul loathe Zion?\nWhy have you struck us\nso that there is no healing for us?\nWe hoped for peace, but no good came;\nfor a time of healing, but look—terror!|Preserves difficult questions and repeats 8:15’s hope/terror wording.
14:20|We acknowledge our wickedness, **LORD**,\nand the guilt of our ancestors;\nwe have sinned against you.|Keeps shared inherited and present confession without transferring all blame backward.
14:21|For your name’s sake, do not spurn us;\ndo not dishonor your glorious throne.\nRemember; do not break\nyour covenant with us.|Retains direct appeal that God not break covenant.
14:22|Can the nations’ empty idols bring rain?\nCan the heavens give showers?\nIs it not you, **LORD** our God?\nWe wait in hope for you,\nfor you have made all these things.|Keeps paired weather questions and hope grounded in divine making.
15:1|The **LORD** said to me, “Even if Moses and Samuel stood before me, my heart would not turn toward this people. Send them out of my presence. Let them go!|Keeps named intercessors and divine rejection, rendering soul idiom as heart’s inclination.
15:2|When they ask you, ‘Where shall we go?’ tell them: This is what the **LORD** says:\nThose destined for death, to death;\nthose for the sword, to the sword;\nthose for famine, to famine;\nthose for captivity, to captivity.|Preserves four destinies and repeated relentless formula.
15:3|“I will appoint four kinds of destroyers over them,” declares the **LORD**: “the sword to kill, dogs to drag away, birds of the sky and animals of the earth to devour and destroy.|Keeps four agents and distinct actions; destroyers supplied to make kinds intelligible.
15:4|I will make them an object of horror to all the earth’s kingdoms because of Manasseh son of Hezekiah, king of Judah, and what he did in Jerusalem.|Preserves names, relationship, location, and historical attribution without adding explanation.
15:5|Who will pity you, Jerusalem?\nWho will grieve for you?\nWho will turn aside\nto ask how you are?|Retains three questions and relational loss.
15:6|You abandoned me,” declares the **LORD**.\n“You keep moving backward.\nSo I stretched out my hand against you and destroyed you.\nI am weary of relenting.|Retains divine weariness and temporal movement rather than theological resolution.
15:7|I winnowed them with a winnowing fork\nat the gates of the land.\nI bereaved and destroyed my people;\nthey did not turn from their ways.|Keeps agricultural tool, gates, bereavement, and failure to return.
15:8|Their widows became more numerous before me\nthan the sand of the seas.\nAgainst the mother of a young man\nI brought a destroyer at noon.\nSuddenly I brought anguish and terrors upon her.|Keeps vulnerable mother and surprising noon attack; obscure anguish word noted.
15:9|The mother of seven languishes;\nshe breathes out her life.\nHer sun sets while it is still day;\nshe is ashamed and humiliated.\nI will hand their survivors over to the sword\nbefore their enemies,” declares the **LORD**.|Retains seven, dying/daylight image, and source shift to survivors.
15:10|Woe to me, my mother, that you gave birth to me—\na man of dispute and contention for the whole land!\nI have neither lent nor borrowed,\nyet everyone curses me.|Keeps birth lament and absence of financial causes for dispute.
15:11|The **LORD** said, “Surely I will set you free for good. Surely I will make the enemy plead with you in a time of disaster and distress.|Uses recorded release reading; notes difficulty and alternative strengthening sense.
15:12|Can iron break iron—\niron from the north—or bronze?|Keeps compressed metal question without inventing its referent.
15:13|I will give your wealth and treasures as plunder,\nwithout payment,\nbecause of all your sins\nthroughout your territory.|Keeps loss without price and comprehensive territorial sin.
15:14|I will take you away with your enemies\ninto a land you do not know.\nFor a fire has been kindled in my anger;\nit will burn against you.”|Preserves pinned make-pass verb with supplied object; note distinguishes make-serve alternative.
15:15|You know, **LORD**.\nRemember me and attend to me;\navenge me on my persecutors.\nDo not let your patience with them carry me away.\nKnow that I bear disgrace for your sake.|Keeps appeal against excessive patience toward enemies, without deleting vengeance.
15:16|Your words were found, and I ate them.\nYour word became my joy\nand my heart’s delight,\nfor your name is called over me,\n**LORD**, God of hosts.|Retains eating image, plural-to-singular recorded word, and name-bearing.
15:17|I did not sit rejoicing in the company of revelers.\nBecause of your hand, I sat alone,\nfor you filled me with indignation.|Preserves divine hand as source of isolation and anger.
15:18|Why is my pain unending,\nmy wound incurable, refusing to heal?\nWill you really be to me like a deceptive stream,\nwaters that cannot be trusted?|Keeps accusation against God and water image without devotional softening.
15:19|So this is what the **LORD** says:\n“If you return, I will restore you,\nand you will stand before me.\nIf you bring out what is precious from what is worthless,\nyou will be like my mouth.\nLet them return to you;\nyou must not return to them.|Preserves return/restoration word family and mouth metaphor.
15:20|I will make you a fortified bronze wall against this people.\nThey will fight you but will not overcome you,\nfor I am with you to save and deliver you,”\ndeclares the **LORD**.|Keeps fortification image and divine presence promise tied to conflict.
15:21|“I will deliver you from the hand of the wicked\nand redeem you from the grip of the ruthless.”|Retains deliver/redeem pair and hand/palm variation as hand/grip.
16:1|The **LORD**’s word came to me:|Preserves direct prophetic speech formula.
16:2|“Do not take a wife or have sons and daughters in this place.|Retains specific marriage/childbearing prohibition to Jeremiah without universalizing it.
16:3|For this is what the **LORD** says about the sons and daughters born here, the mothers who bear them, and the fathers who father them in this land:|Keeps all family roles and emphatic local scope.
16:4|They will die of deadly diseases. They will not be mourned or buried; they will lie like dung on the ground. Sword and famine will consume them, and their corpses will be food for the birds of the sky and the animals of the earth.|Retains diseased death, deprivation of burial, and animal consumption.
16:5|“For this is what the **LORD** says: Do not enter a house of mourning. Do not go to lament or show sympathy for them, for I have withdrawn my peace from this people,” declares the **LORD**, “my steadfast love and compassion.|Keeps three divine gifts withdrawn and both name occurrences.
16:6|Great and small alike will die in this land. They will not be buried or mourned. No one will cut themselves or shave their head for them.|Preserves actual ancient mourning practices without endorsing or explaining them in text.
16:7|No one will break bread for a mourner to offer comfort over the dead. No one will offer the cup of consolation over the loss of a father or mother.|Makes implied bread explicit and retains both parents and ritual cup.
16:8|Do not enter a house of feasting to sit with them and eat and drink.|Keeps prohibition of ordinary celebration alongside mourning.
16:9|For this is what the **LORD** of hosts, Israel’s God, says: Before your eyes, in your own days, I will silence in this place the sounds of joy and gladness, the voices of bridegroom and bride.|Preserves imminent eyewitness timing and wedding pair.
16:10|“When you tell this people all these things, they will ask you, ‘Why has the **LORD** pronounced this great disaster against us? What is our guilt? What sin have we committed against the **LORD** our God?’|Keeps three protests and repeated divine name.
16:11|Tell them: ‘Because your ancestors abandoned me,’ declares the **LORD**. ‘They followed other gods, served them, and bowed down to them. They abandoned me and did not keep my instruction.|Retains abandonment repetition and three religious acts.
16:12|And you have done worse than your ancestors! Each of you follows the stubbornness of an evil heart instead of listening to me.|Keeps present generation’s greater culpability, not only inherited guilt.
16:13|So I will hurl you from this land into a land neither you nor your ancestors knew. There you will serve other gods day and night, for I will show you no favor.’|Retains enforced exile and harsh absence of divine favor.
16:14|“Yet look, days are coming,” declares the **LORD**, “when people will no longer say, ‘As the **LORD** lives, who brought the Israelites up from Egypt,’|Keeps surprising turn and first half of changed oath.
16:15|but, ‘As the **LORD** lives, who brought the Israelites up from the northern land and from all the lands where he had driven them.’ I will bring them back to the soil I gave their ancestors.|Preserves north and all lands plus first-person restoration promise.
16:16|“Look, I am sending for many fishers,” declares the **LORD**, “and they will fish for them. Afterward I will send for many hunters, and they will hunt them from every mountain and hill and from the crevices in the rocks.|Keeps repeated fish/hunt images and thorough pursuit; does not impose later evangelistic use.
16:17|My eyes are on all their ways. They are not hidden from me, and their guilt is not concealed from my eyes.|Retains repeated eyes and double denial of concealment.
16:18|First I will repay their guilt and sin double, because they have defiled my land with the corpses of their detestable things and filled my inheritance with their abominations.”|Keeps first, double, and disturbing corpse designation for idols.
16:19|**LORD**, my strength and stronghold,\nmy refuge in the day of trouble,\nto you nations will come from the ends of the earth\nand say, ‘Our ancestors inherited nothing but lies,\nempty things with no use in them.’|Retains nations’ future confession and ancestral inheritance reversal.
16:20|Can people make gods for themselves?\nSuch things are not gods!|Keeps rhetorical question and emphatic denial.
16:21|“So look, this time I will make them know;\nI will make them know my hand and my might.\nThen they will know that my name is the **LORD**.”|Preserves threefold know and hand image.
17:1|Judah’s sin is written with an iron pen,\nengraved with a hard stone point\non the tablet of their heart\nand on the horns of your altars.|Preserves inscription and source shift their/your; hard-point identification noted.
17:2|Their children remember their altars and Asherah poles\nbeside flourishing trees\non the high hills.|Keeps children as remembering subjects; alternate comparison noted.
17:3|My mountain in the open country,\nI will give your wealth and all your treasures as plunder,\nyour high places because of sin\nthroughout your territory.|Retains abrupt mountain address rather than moving it into preceding verse.
17:4|Through your own doing, you will let go of the inheritance I gave you. I will make you serve your enemies in a land you do not know. For you have kindled a fire in my anger; it will burn forever.|Keeps release/inheritance and explicit serve verb distinct from 15:14.
17:5|This is what the **LORD** says:\n“Cursed is the one who trusts in human beings,\nmakes flesh an arm of strength,\nand turns their heart away from the **LORD**.|Retains flesh/arm image and heart turning, not a blanket ban on relationships.
17:6|That person will be like a shrub in the Arabah,\nnever seeing good when it comes,\nliving in scorched wilderness places,\na salt land where no one lives.|Preserves plant/geographic image and lack of inhabited support.
17:7|Blessed is the one who trusts in the **LORD**,\nwhose confidence is the **LORD**.|Retains two divine names and repeated trust notion.
17:8|That person will be like a tree planted by water,\nsending roots toward a stream.\nIt does not notice when heat comes;\nits leaves stay green.\nIn a year of drought it is not anxious\nand does not stop bearing fruit.”|Follows recorded see reading rather than written fear; note gives both.
17:9|The heart is more deceitful than anything,\nand desperately sick.\nWho can understand it?|Keeps severe heart diagnosis and question without substituting doctrinal label.
17:10|“I, the **LORD**, search the heart\nand test the innermost being,\nto give each person according to their ways,\naccording to the fruit of their deeds.”|Retains heart/kidneys pairing and fruit metaphor; recorded plural ways.
17:11|Like a partridge that broods over eggs it did not lay\nis one who gains wealth unjustly.\nIn the middle of life it will leave them;\nin the end they will prove a fool.|Keeps ancient bird comparison without claiming modern zoological proof.
17:12|A glorious throne, exalted from the beginning,\nis the place of our sanctuary.|Preserves compact temple praise without inserting a divine name.
17:13|**LORD**, hope of Israel,\nall who abandon you will be ashamed.\n“Those who turn away from me will be written in the dust,”\nfor they have abandoned the **LORD**,\nthe spring of living water.|Keeps recorded first-person me amid address, marks voice shift, and retains spring image.
17:14|Heal me, **LORD**, and I will be healed;\nsave me, and I will be saved,\nfor you are my praise.|Preserves familiar paired prayer without forced novelty.
17:15|They keep saying to me,\n“Where is the **LORD**’s word?\nLet it come!”|Keeps opponents’ challenge rather than treating it as sincere inquiry.
17:16|But I have not rushed away from shepherding in your service,\nnor have I longed for the dreadful day.\nYou know;\nwhat left my lips was before you.|Retains difficult shepherd clause with alternative noted; keeps denial of desiring disaster.
17:17|Do not become a terror to me;\nyou are my refuge in the day of disaster.|Keeps direct appeal that God not become feared harm.
17:18|Let my persecutors be ashamed, not me.\nLet them be terrified, not me.\nBring the day of disaster on them;\nbreak them with a double breaking.|Preserves imprecation, contrasts, and double devastation.
17:19|This is what the **LORD** said to me: “Go and stand at the People’s Gate, through which Judah’s kings enter and leave, and at all Jerusalem’s gates.|Keeps gate designation, royal movement, and expanded locations.
17:20|Say to them: Hear the **LORD**’s word, kings of Judah, all Judah, and all Jerusalem’s inhabitants who enter through these gates.|Retains threefold audience and public setting.
17:21|This is what the **LORD** says: Take care for your lives. Do not carry a load on the Sabbath day or bring one through Jerusalem’s gates.|Keeps life-stakes idiom and concrete carrying prohibition.
17:22|Do not take a load out of your houses on the Sabbath day or do any work. Keep the Sabbath day holy, as I commanded your ancestors.|Retains domestic and general work restrictions with holiness language.
17:23|But they did not listen or incline their ears. They stiffened their necks, refusing to listen or accept correction.|Keeps both body idioms and refusal to receive discipline.
17:24|“If you truly listen to me,” declares the **LORD**, “bringing no load through this city’s gates on the Sabbath day and keeping the Sabbath holy by doing no work on it,|Preserves extended condition and recorded masculine reference to day.
17:25|then kings and officials sitting on David’s throne will enter this city’s gates, riding in chariots and on horses—they and their officials, the people of Judah and Jerusalem’s inhabitants. This city will be inhabited forever.|Retains pinned coordination and repeated officials rather than silently simplifying court list.
17:26|People will come from Judah’s cities and the country around Jerusalem, from Benjamin’s territory, the Shephelah, the hill country, and the Negeb. They will bring burnt offerings, sacrifices, grain offerings, and frankincense, and bring thank offerings into the **LORD**’s house.|Preserves six areas and distinct offerings; geography vocabulary supplied separately.
17:27|But if you do not listen to me by keeping the Sabbath day holy and not carrying loads through Jerusalem’s gates on the Sabbath day, I will kindle a fire in her gates. It will consume Jerusalem’s palaces and will not be put out.”|Keeps negative condition, repetition, and unquenched fire threat.
18:1|The word that came to Jeremiah from the **LORD**:|Keeps prophetic introduction and named recipient.
18:2|“Go down to the potter’s house. There I will let you hear my words.”|Preserves physical descent and promised hearing.
18:3|I went down to the potter’s house. He was there, working at the wheel.|Renders two-stones tool as potter’s wheel and follows recorded demonstrative.
18:4|The clay vessel he was making was spoiled in the potter’s hand. So he made it again into another vessel, as he thought best.|Keeps remaking and potter’s judgment; does not state a cause of spoilage.
18:5|Then the **LORD**’s word came to me:|Retains interpretation’s separate speech event.
18:6|“House of Israel, can I not do with you as this potter does?” declares the **LORD**. “Like clay in the potter’s hand, so you are in my hand, house of Israel.|Preserves repeated house of Israel and hand comparison.
18:7|At one moment I may speak about a nation or kingdom, to uproot, tear down, and destroy it.|Keeps three destructive commission verbs and general nation scope.
18:8|But if that nation turns from the evil I spoke against, I will relent from the disaster I planned to bring on it.|Preserves explicit conditional divine relenting without theological harmonization.
18:9|At another moment I may speak about a nation or kingdom, to build and plant it.|Keeps constructive pair and parallel scenario.
18:10|But if it does what is evil in my eyes and does not listen to my voice, I will relent from the good I said I would do for it.|Preserves symmetrical withdrawal of good and recorded evil reading.
18:11|“Now tell the people of Judah and Jerusalem’s inhabitants: This is what the **LORD** says: Look, I am shaping disaster against you and devising a plan against you. Turn, each of you, from your evil way, and put your ways and deeds right.|Keeps shaping link to potter and urgent individual return within collective address.
18:12|But they say, ‘It’s no use! We will follow our own plans. Each of us will act on the stubbornness of our evil heart.’”|Preserves brazen quoted refusal and own-plans contrast.
18:13|So this is what the **LORD** says:\n“Ask among the nations:\nwho has heard anything like this?\nVirgin Israel has done\na most horrifying thing.|Retains virgin personification and appeal to international witness.
18:14|Does Lebanon’s snow leave the rocky heights?\nDo waters from far away stop flowing,\ncold and running?|Keeps snow and water questions with uncertain rocky-country/foreign-water wording noted.
18:15|Yet my people have forgotten me;\nthey burn offerings to emptiness.\nThey have been made to stumble in their ways,\nthe ancient paths,\nto walk on bypaths,\na road not built up.|Retains forgotten God, emptiness, and contrast of established and unmade roads.
18:16|They make their land a horror,\nan object of endless hissing.\nEveryone who passes will be appalled\nand shake their head.|Keeps physical gestures of derision rather than generic disapproval.
18:17|Like an east wind, I will scatter them before the enemy.\nI will show them my back, not my face,\non the day of their calamity.”|Preserves divine bodily image and reversal of relational presence.
18:18|Then they said, “Come, let’s devise plans against Jeremiah. Instruction will not disappear from the priest, counsel from the wise, or a word from the prophet. Come, let’s strike him with the tongue and pay no attention to anything he says.”|Keeps institutional confidence, three roles, and verbal assault idiom.
18:19|Pay attention to me, **LORD**;\nlisten to what my opponents are saying.|Keeps contrast with opponents’ refusal to listen.
18:20|Should evil repay good?\nThey have dug a pit for my life!\nRemember how I stood before you\nto speak good on their behalf,\nto turn your fury away from them.|Retains former intercession as ground for protest.
18:21|So give their children over to famine;\npour them out to the power of the sword.\nLet their wives be childless widows;\nlet their men be struck down by death,\ntheir young men by the sword in battle.|Keeps entire harsh imprecation and distinct family victims without blessing or censoring it.
18:22|Let a cry be heard from their houses\nwhen you suddenly bring raiders against them.\nFor they dug a pit to catch me\nand hid snares for my feet.|Preserves corresponding trap/raid imagery and recorded pit reading.
18:23|But you, **LORD**, know all their plans to kill me.\nDo not forgive their guilt\nor blot out their sin from before you.\nLet them be brought down before you;\ndeal with them in the time of your anger.|Retains negative forgiveness petition and divine anger appeal as prophet’s speech.
19:1|This is what the **LORD** said: “Go and buy an earthenware jar from a potter. Take some of the elders of the people and some of the senior priests,|Supplies take implied by following with-group; preserves two sets of elders.
19:2|and go out to the Valley of Ben-hinnom, at the entrance of the Potsherd Gate. There proclaim the words I tell you.|Retains valley and recorded gate name, with location uncertainty noted.
19:3|Say: Hear the **LORD**’s word, kings of Judah and inhabitants of Jerusalem. This is what the **LORD** of hosts, Israel’s God, says: Look, I am bringing disaster on this place that will make the ears of everyone who hears it ring.|Keeps both divine names and startling ears image.
19:4|They have abandoned me and made this place foreign. Here they have burned offerings to other gods, gods neither they nor their ancestors nor Judah’s kings knew. They have filled this place with innocent blood.|Preserves estrangement and actual bloodshed, not only false worship.
19:5|They have built Baal’s high places to burn their sons in the fire as burnt offerings to Baal—something I never commanded, never spoke of, and that never entered my mind.|Keeps specific sons and triple divine disavowal.
19:6|So look, days are coming,” declares the **LORD**, “when this place will no longer be called Topheth or the Valley of Ben-hinnom, but the Valley of Slaughter.|Matches earlier valley naming and retains transformation of place-name.
19:7|I will empty out Judah’s and Jerusalem’s plans in this place. I will make them fall by the sword before their enemies, by the hands of those seeking their lives. I will give their corpses as food to the birds of the sky and the animals of the earth.|Retains emptying wordplay with jar and physical death consequences.
19:8|I will make this city a horror and an object of hissing. Everyone who passes will be appalled and hiss at all its wounds.|Keeps repeated hissing and city wounds image.
19:9|I will make them eat the flesh of their sons and daughters. They will eat one another’s flesh in the siege and distress their enemies, those seeking their lives, inflict on them.|Keeps cannibalism, divine agency, and siege pressure fully explicit.
19:10|“Then break the jar in front of the men who went with you.|Preserves witnessed sign-act and specific male witnesses.
19:11|Tell them: This is what the **LORD** of hosts says: In the same way, I will break this people and this city, as someone breaks a potter’s vessel that can never be repaired. People will bury the dead at Topheth for lack of room to bury them elsewhere.|Keeps irreparable baked vessel distinct from remoldable clay and burial-space cause.
19:12|This is what I will do to this place and its inhabitants,” declares the **LORD**. “I will make this city like Topheth.|Preserves extension of valley judgment to city.
19:13|Jerusalem’s houses and the houses of Judah’s kings will be unclean like Topheth—all those houses whose roofs were used to burn offerings to all the host of heaven and pour drink offerings to other gods.”|Keeps roof worship and two offering types, without modernizing celestial host.
19:14|Jeremiah returned from Topheth, where the **LORD** had sent him to prophesy. He stood in the courtyard of the **LORD**’s house and said to all the people,|Keeps movement from valley to temple and both names.
19:15|“This is what the **LORD** of hosts, Israel’s God, says: Look, I am bringing on this city and all its towns every disaster I pronounced against it, because they stiffened their necks and would not listen to my words.”|Preserves satellite towns, comprehensive warning, and stiff-neck idiom.
20:1|Pashhur son of Immer, the priest who was chief officer in the **LORD**’s house, heard Jeremiah prophesying these things.|Makes office and family relationship clear without conflating later namesakes.
20:2|Pashhur beat Jeremiah the prophet and put him in the stocks at the Upper Benjamin Gate in the **LORD**’s house.|Retains physical abuse, restraint, and precise temple gate.
20:3|The next day, when Pashhur released Jeremiah from the stocks, Jeremiah told him, “The name the **LORD** gives you is Terror on Every Side, not Pashhur.|Translates new name for audible connection to following terror refrain.
20:4|For this is what the **LORD** says: Look, I am making you a terror to yourself and all your friends. They will fall by their enemies’ sword while you watch. I will hand all Judah over to the king of Babylon, who will carry them into exile in Babylon and strike them with the sword.|Preserves terror assignment, witnessed deaths, and Babylon’s explicit arrival.
20:5|All this city’s wealth, all it has earned, all its precious things, and all the treasures of Judah’s kings—I will hand them over to their enemies. They will plunder them, seize them, and take them to Babylon.|Retains accumulating all phrases and three stages of removal.
20:6|And you, Pashhur, and everyone in your household will go into captivity. You will go to Babylon, die there, and be buried there—you and all the friends to whom you prophesied lies.”|Preserves repeated there and connects friends’ fate to false prophecy.
20:7|You deceived me, **LORD**, and I was deceived.\nYou overpowered me and prevailed.\nI have become a laughingstock all day long;\neveryone mocks me.|Keeps accusation and force; note allows persuaded/enticed without neutralizing protest.
20:8|Whenever I speak, I cry out;\nI shout, “Violence! Destruction!”\nThe **LORD**’s word has brought me\nreproach and ridicule all day long.|Keeps compelled message and repeated all-day suffering.
20:9|I said, “I will not mention him\nor speak in his name anymore.”\nBut then it was like a burning fire in my heart,\nshut up in my bones.\nI grew weary of holding it in;\nI could not.|Preserves attempted silence and embodied inescapable fire without inspirational additions.
20:10|I hear many whispering,\n“Terror on every side!\nDenounce him! Let’s denounce him!”\nAll my close friends watch for me to stumble:\n“Perhaps he can be deceived.\nThen we can prevail over him\nand take our revenge.”|Keeps friends’ betrayal and deceived/prevail echoes of verse 7.
20:11|But the **LORD** is with me like a fearsome warrior.\nSo my persecutors will stumble and not prevail.\nThey will be deeply ashamed because they have not succeeded,\nwith an everlasting humiliation that will not be forgotten.|Preserves confidence, warrior image, and third prevail occurrence.
20:12|**LORD** of hosts, you test the righteous\nand see the innermost being and heart.\nLet me see your vengeance on them,\nfor I have laid my case before you.|Retains righteous as tested object and repeated legal vengeance plea from 11:20.
20:13|Sing to the **LORD**;\npraise the **LORD**!\nFor he has delivered the life of the needy\nfrom the hand of evildoers.|Keeps both names and abrupt praise before renewed lament.
20:14|Cursed be the day I was born!\nLet the day my mother bore me\nnever be blessed.|Preserves reversal from praise to birth curse without editorial transition.
20:15|Cursed be the man who brought my father the news,\n“A son, a boy, has been born to you!”\nand filled him with joy.|Keeps male-child announcement and messenger curse.
20:16|Let that man be like the cities\nthe **LORD** overthrew without relenting.\nLet him hear a cry in the morning\nand an alarm at noon,|Retains unnamed cities and two times of terror.
20:17|because he did not kill me in the womb,\nso my mother would have been my grave\nand her womb pregnant forever.|Preserves disturbing unrealized death wish and womb/grave paradox.
20:18|Why did I come out of the womb\nto see toil and sorrow\nand spend my days in shame?|Leaves chapter’s final despair unanswered, as in the source.
