1:1|Paul, called to be an apostle of Christ Jesus by God's will, and our brother Sosthenes,|Preserves divine calling and Sosthenes's shared kinship.
1:2|to God's church in Corinth, to those made holy in Christ Jesus and called to be saints, together with all who in every place call on the name of our Lord Jesus Christ—their Lord and ours:|Keeps location, sanctification, calling, and worldwide shared lordship.
1:3|Grace to you and peace from God our Father and the Lord Jesus Christ.|Retains the paired greeting and both sources.
1:4|I always thank my God for you because of God's grace given to you in Christ Jesus.|Keeps thanksgiving grounded in given grace.
1:5|For in him you were enriched in every way, in all speech and all knowledge,|Preserves repeated all and the two gifts.
1:6|just as the testimony about Christ was confirmed among you,|Keeps the confirming relation to the community.
1:7|so that you do not lack any gift as you eagerly await the revealing of our Lord Jesus Christ.|Preserves gifted sufficiency and eschatological waiting.
1:8|He will also strengthen you to the end, blameless on the day of our Lord Jesus Christ.|Keeps Christ's sustaining action and final-day horizon.
1:9|God is faithful, through whom you were called into fellowship with his Son, Jesus Christ our Lord.|Preserves God's faithfulness and participatory fellowship.
1:10|Now I urge you, brothers and sisters, by the name of our Lord Jesus Christ, that all of you agree and that there be no divisions among you, but that you be restored in the same mind and the same purpose.|Keeps the appeal, divisions, and paired mental unity.
1:11|For it has been reported to me about you, my brothers and sisters, by Chloe's people, that there are quarrels among you.|Names Chloe's household as the report's source.
1:12|What I mean is this: each of you says, “I belong to Paul,” “I to Apollos,” “I to Cephas,” or “I to Christ.”|Preserves every factional slogan.
1:13|Has Christ been divided? Was Paul crucified for you? Or were you baptized into Paul's name?|Keeps the three sharp rhetorical questions.
1:14|I thank God that I baptized none of you except Crispus and Gaius,|Retains named exceptions and continuing sentence.
1:15|so that no one can say you were baptized into my name.|Keeps the stated anti-factional purpose.
1:16|I also baptized the household of Stephanas. Beyond that, I do not know whether I baptized anyone else.|Preserves Paul's self-correction and uncertainty.
1:17|For Christ did not send me to baptize but to proclaim the good news—not with eloquent wisdom, so that Christ's cross would not be emptied of its power.|Keeps commission, contrast, and emptied-cross image.
1:18|For the message of the cross is foolishness to those who are perishing, but to us who are being saved it is God's power.|Preserves present processes and the stark contrast.
1:19|For it is written: “I will destroy the wisdom of the wise, and I will reject the understanding of the intelligent.”|Keeps both divine actions in the quotation.
1:20|Where is the wise person? Where is the scribe? Where is the debater of this age? Has God not made the world's wisdom foolish?|Retains the rapid questions and age/world terms.
1:21|For since, in God's wisdom, the world did not know God through wisdom, God was pleased through the foolishness of what is proclaimed to save those who believe.|Preserves the wisdom wordplay and divine pleasure.
1:22|For Jews ask for signs and Greeks seek wisdom,|Names both groups and their differing quests.
1:23|but we proclaim Christ crucified: a stumbling block to Jews and foolishness to Gentiles,|Keeps crucifixion and both audience reactions.
1:24|yet to those who are called, both Jews and Greeks, Christ is God's power and God's wisdom.|Preserves common calling and repeated divine predicates.
1:25|For God's foolishness is wiser than human wisdom, and God's weakness is stronger than human strength.|Keeps the paradoxical comparative pairs.
1:26|Consider your calling, brothers and sisters: not many of you were wise by human standards, not many powerful, not many of noble birth.|Preserves social categories and repeated not many.
1:27|But God chose the foolish things of the world to shame the wise, and God chose the weak things of the world to shame the strong.|Keeps divine choice and both reversals.
1:28|God chose the lowborn and despised things of the world—things that are not—to bring to nothing the things that are,|Retains social contempt and being/nonbeing contrast.
1:29|so that no human being may boast before God.|Keeps the universal prohibition on boasting.
1:30|But it is from God that you are in Christ Jesus, who became for us wisdom from God—and righteousness, holiness, and redemption—|Preserves divine source and the fourfold gift.
1:31|so that, as it is written, “Let the one who boasts boast in the Lord.”|Keeps the scriptural redirection of boasting.
2:1|And when I came to you, brothers and sisters, I did not come with superior speech or wisdom as I proclaimed God's testimony to you.|Preserves Paul's manner and the pinned testimony reading.
2:2|For I decided to know nothing among you except Jesus Christ—and him crucified.|Keeps the deliberate narrowed focus.
2:3|I came to you in weakness, fear, and much trembling.|Retains all three conditions without idealizing Paul.
2:4|My speech and my proclamation were not in persuasive words of wisdom but in a demonstration of the Spirit and power,|Keeps rhetoric/power contrast and continuing purpose.
2:5|so that your faith would not rest on human wisdom but on God's power.|Preserves the foundation contrast.
2:6|Yet we do speak wisdom among the mature, though not the wisdom of this age or of this age's rulers, who are passing away.|Keeps maturity, present age, and doomed rulers.
2:7|Instead, we speak God's wisdom in a mystery, the hidden wisdom God determined before the ages for our glory.|Preserves mystery, hiddenness, prior purpose, and glory.
2:8|None of this age's rulers understood it, for if they had, they would not have crucified the Lord of glory.|Keeps rulers responsible and the striking divine title.
2:9|But as it is written: “What no eye has seen, no ear has heard, and no human heart has imagined—what God has prepared for those who love him.”|Preserves the three human limits and God's preparation.
2:10|But God revealed these things to us through the Spirit, for the Spirit searches everything, even God's depths.|Keeps revelation and searching divine depths.
2:11|For who among humans knows a person's thoughts except that person's spirit within? In the same way, no one knows God's thoughts except God's Spirit.|Preserves the human/divine analogy.
2:12|Now we did not receive the spirit of the world but the Spirit who is from God, so that we may know the things God has graciously given us.|Keeps source contrast and grace-gift purpose.
2:13|We also speak these things, not in words taught by human wisdom but in words taught by the Spirit, interpreting spiritual things to spiritual people.|Chooses a defensible reading of the compressed final phrase.
2:14|But the merely natural person does not receive the things of God's Spirit, for they are foolishness to that person, who cannot understand them because they are discerned spiritually.|Preserves incapacity and spiritual discernment.
2:15|The spiritual person discerns all things but is himself judged by no one.|Keeps the universal contrast without claiming omniscience.
2:16|For “who has known the Lord's mind so as to instruct him?” But we have Christ's mind.|Preserves quotation and communal conclusion.
3:1|And I, brothers and sisters, could not speak to you as spiritual people but as fleshly people, as infants in Christ.|Keeps Paul's direct rebuke and infancy image.
3:2|I fed you milk, not solid food, because you were not yet able to receive it. Even now you still are not able,|Preserves feeding metaphor and repeated inability.
3:3|for you are still fleshly. Since jealousy and quarrels are among you, are you not fleshly and walking in a merely human way?|Keeps evidence and rhetorical diagnosis.
3:4|For when one says, “I belong to Paul,” and another, “I belong to Apollos,” are you not merely human?|Retains factional slogans and question.
3:5|What then is Apollos? And what is Paul? Servants through whom you believed, as the Lord assigned to each.|Keeps leaders as instruments, not owners.
3:6|I planted, Apollos watered, but God caused the growth.|Preserves distinct work and divine agency.
3:7|So neither the one who plants nor the one who waters is anything, but only God who causes the growth.|Keeps human diminishment and divine growth.
3:8|The one who plants and the one who waters are one, and each will receive wages according to their own labor.|Preserves unity and individualized recompense.
3:9|For we are God's coworkers; you are God's field, God's building.|Keeps all three repeated God possessives.
3:10|According to God's grace given to me, I laid a foundation like a skilled master builder, and someone else is building on it. But each person must watch how they build.|Preserves grace, architectural role, and warning.
3:11|For no one can lay any foundation other than the one already laid, which is Jesus Christ.|Names the exclusive foundation.
3:12|Now if anyone builds on the foundation with gold, silver, precious stones, wood, hay, or straw,|Keeps the full contrasting materials list.
3:13|each person's work will become evident, for the Day will disclose it. It will be revealed with fire, and the fire will test the quality of each person's work.|Preserves Day, disclosure, fire, and testing.
3:14|If the work someone built remains, that person will receive a reward.|Keeps endurance and reward.
3:15|If someone's work is burned up, that person will suffer loss, though personally will be saved—but only as through fire.|Preserves loss, salvation, and fire qualification.
3:16|Do you not know that you together are God's temple and that God's Spirit dwells among you?|Makes the plural corporate referent clear.
3:17|If anyone destroys God's temple, God will destroy that person, for God's temple is holy—and you together are that temple.|Retains reciprocal destruction and corporate holiness.
3:18|Let no one deceive oneself. If anyone among you thinks they are wise in this age, let that person become foolish so as to become wise.|Keeps self-deception and wisdom reversal.
3:19|For this world's wisdom is foolishness with God. For it is written, “He catches the wise in their craftiness,”|Preserves divine evaluation and first quotation.
3:20|and again, “The Lord knows that the thoughts of the wise are futile.”|Keeps second quotation and futility.
3:21|So let no one boast in human leaders, for all things are yours:|Connects anti-boasting to the inclusive list.
3:22|whether Paul or Apollos or Cephas or the world or life or death or things present or things to come—all are yours,|Retains every item and repeated all.
3:23|and you belong to Christ, and Christ belongs to God.|Preserves the chain of belonging.
4:1|This is how people should regard us: as Christ's servants and stewards of God's mysteries.|Keeps subordinate service and entrusted mysteries.
4:2|In this regard, what is required of stewards is that each be found faithful.|Preserves stewardship criterion.
4:3|But to me it is a very small matter to be judged by you or by any human court. I do not even judge myself.|Keeps comparative dismissal and self-judgment limit.
4:4|For I am conscious of nothing against myself, but I am not justified by this. The Lord is the one who judges me.|Preserves clear conscience without self-acquittal.
4:5|Therefore, judge nothing before the appointed time, until the Lord comes. He will bring to light what is hidden in darkness and reveal the purposes of hearts. Then each person's praise will come from God.|Keeps temporal restraint, disclosure, and divine praise.
4:6|Now, brothers and sisters, I have applied these things to myself and Apollos for your sake, so that through us you may learn “not beyond what is written,” and so none of you becomes puffed up for one leader against another.|Preserves difficult slogan and factional purpose.
4:7|For who makes you different? What do you have that you did not receive? And if you received it, why boast as though you did not?|Keeps all three anti-boasting questions.
4:8|Already you are filled! Already you are rich! You have begun to reign without us! I wish you truly were reigning, so that we might reign with you.|Retains Paul's biting irony and wish.
4:9|For I think God has displayed us apostles last, like people sentenced to death, because we have become a spectacle to the world, to angels, and to humans.|Preserves public execution and cosmic spectacle.
4:10|We are fools for Christ, but you are wise in Christ! We are weak, but you are strong! You are honored, but we are dishonored!|Keeps the sarcastic parallel contrasts.
4:11|To this very hour we are hungry and thirsty, poorly clothed, beaten, and homeless.|Names each concrete deprivation and assault.
4:12|We labor, working with our own hands. When insulted, we bless; when persecuted, we endure;|Keeps manual labor and nonretaliatory responses.
4:13|when slandered, we answer gently. We have become like the world's garbage, everyone's scum, to this very moment.|Retains degrading images without softening them.
4:14|I am not writing these things to shame you but to admonish you as my beloved children.|Keeps purpose distinction and family affection.
4:15|For even if you have ten thousand guardians in Christ, you do not have many fathers, for in Christ Jesus I became your father through the good news.|Preserves exaggerated number and paternal metaphor.
4:16|Therefore, I urge you: imitate me.|Keeps the direct imitation command.
4:17|For this reason I sent Timothy to you, my beloved and faithful child in the Lord. He will remind you of my ways in Christ Jesus, just as I teach everywhere in every church.|Preserves Timothy's relationship and consistent teaching.
4:18|Some have become puffed up, as though I were not coming to you.|Keeps arrogance tied to presumed absence.
4:19|But I will come to you soon, if the Lord wills, and I will find out not the talk of those who are puffed up but their power.|Preserves divine contingency and speech/power contrast.
4:20|For God's kingdom is not a matter of talk but of power.|Keeps terse kingdom contrast.
4:21|What do you want? Shall I come to you with a rod, or with love and a spirit of gentleness?|Retains disciplinary threat and gentle alternative.
5:1|It is actually reported that there is sexual immorality among you, and of a kind not tolerated even among the Gentiles: a man has his father's wife.|Preserves the report, offense, and specific relationship.
5:2|And you are puffed up! Should you not instead have mourned, so that the one who did this would be removed from among you?|Keeps arrogance, grief, and removal.
5:3|For though absent in body, I am present in spirit, and as though present I have already judged the one who did this.|Preserves absence/presence and prior judgment.
5:4|When you are assembled in the name of our Lord Jesus, and I am with you in spirit, with the power of our Lord Jesus,|Keeps communal assembly and invoked authority.
5:5|hand this man over to Satan for the destruction of the flesh, so that his spirit may be saved on the day of the Lord.|Retains severe discipline, bodily destruction, and saving aim.
5:6|Your boasting is not good. Do you not know that a little yeast leavens the whole batch of dough?|Keeps rebuke and proverbial contamination image.
5:7|Clean out the old yeast so that you may be a new batch, as you really are unleavened. For Christ, our Passover lamb, has been sacrificed.|Preserves festival imagery and Christ's sacrifice.
5:8|Therefore, let us celebrate the feast not with old yeast, nor with the yeast of malice and evil, but with the unleavened bread of sincerity and truth.|Keeps sustained Passover metaphor and ethical contrasts.
5:9|I wrote to you in my letter not to associate with sexually immoral people—|Preserves reference to an earlier letter and continuing clarification.
5:10|not at all meaning the sexually immoral people of this world, or the greedy and swindlers, or idolaters, since then you would have to leave the world.|Keeps limits and impractical consequence.
5:11|But now I am writing to you not to associate with anyone who bears the name of brother or sister yet is sexually immoral, greedy, an idolater, verbally abusive, a drunkard, or a swindler. Do not even eat with such a person.|Preserves named community status and full behavior list.
5:12|For what business is it of mine to judge outsiders? Is it not those inside whom you judge?|Keeps jurisdictional questions.
5:13|God judges outsiders. “Remove the evil person from among you.”|Preserves divine judgment and scriptural command.
6:1|When one of you has a dispute with another, how dare you take it before the unrighteous for judgment instead of before the saints?|Keeps outrage and forum contrast.
6:2|Or do you not know that the saints will judge the world? And if the world is judged by you, are you unworthy to judge the smallest cases?|Preserves future role and lesser-case inference.
6:3|Do you not know that we will judge angels? How much more the matters of this life!|Keeps startling claim and inference.
6:4|So if you have cases concerning this life, do you appoint as judges people who have no standing in the church?|Retains the difficult rhetorical question and status language.
6:5|I say this to your shame. Is there really no wise person among you who can decide a dispute between brothers or sisters?|Keeps shame and wisdom challenge.
6:6|Instead, one believer goes to court against another—and before unbelievers at that!|Preserves scandal within the community.
6:7|The very fact that you have lawsuits with one another is already a complete defeat for you. Why not rather suffer wrong? Why not rather be defrauded?|Keeps defeat and two nonretaliatory questions.
6:8|But you yourselves wrong and defraud—and you do this to brothers and sisters.|Preserves direct accusation and harmed relationship.
6:9|Or do you not know that the unrighteous will not inherit God's kingdom? Do not be deceived: neither the sexually immoral, idolaters, adulterers, passive male partners in sex, nor men who have sex with men,|Retains the warning and distinct sexual terms without euphemism.
6:10|nor thieves, the greedy, drunkards, verbal abusers, or swindlers will inherit God's kingdom.|Keeps remaining behaviors and repeated outcome.
6:11|And some of you were these things. But you were washed, you were made holy, you were declared righteous in the name of the Lord Jesus and by the Spirit of our God.|Preserves past identity and three passive transformations.
6:12|“Everything is permissible for me”—but not everything is beneficial. “Everything is permissible for me”—but I will not be mastered by anything.|Treats repeated phrase as slogan and keeps mastery wordplay.
6:13|“Food is for the stomach and the stomach for food”—but God will bring both to an end. The body is not for sexual immorality but for the Lord, and the Lord for the body.|Preserves slogan and bodily theological correction.
6:14|God raised the Lord and will also raise us by his power.|Keeps past and future resurrection.
6:15|Do you not know that your bodies are members of Christ? Shall I then take Christ's members and make them members of a prostitute? Absolutely not!|Retains bodily union and emphatic rejection.
6:16|Or do you not know that the one who joins himself to a prostitute is one body with her? For it says, “The two will become one flesh.”|Preserves gendered situation and Genesis quotation.
6:17|But the one who joins oneself to the Lord is one spirit with him.|Keeps union contrast.
6:18|Flee sexual immorality. Every other sin a person commits is outside the body, but the sexually immoral person sins against his own body.|Preserves imperative and Paul's bodily distinction.
6:19|Or do you not know that your body is a temple of the Holy Spirit within you, whom you have from God? You do not belong to yourselves,|Keeps indwelling, gift, and ownership claim.
6:20|for you were bought at a price. Therefore glorify God in your body.|Preserves purchase metaphor and embodied response.
7:1|Now concerning the matters you wrote about: “It is good for a man not to touch a woman.”|Marks the likely Corinthian slogan and its euphemism.
7:2|But because of sexual immorality, each man should have his own wife, and each woman her own husband.|Keeps reciprocal gender-specific instruction.
7:3|The husband should give his wife what he owes her, and likewise the wife to her husband.|Preserves mutual marital obligation.
7:4|The wife does not have authority over her own body; her husband does. Likewise, the husband does not have authority over his own body; his wife does.|Retains startling symmetrical authority.
7:5|Do not deprive one another except perhaps by mutual agreement for a time, so that you may devote yourselves to prayer and then come together again, so Satan may not tempt you because of your lack of self-control.|Keeps consent, limited duration, prayer, reunion, and temptation.
7:6|I say this as a concession, not as a command.|Preserves Paul's qualification.
7:7|I wish all people were as I am, but each has a particular gift from God, one of one kind and one of another.|Keeps personal preference and differing gifts.
7:8|Now to the unmarried and widows I say: it is good for them to remain as I am.|Names both groups and Paul's judgment.
7:9|But if they cannot exercise self-control, they should marry, for it is better to marry than to burn with desire.|Makes the likely desire sense clear without overexplaining.
7:10|To the married I give this command—not I, but the Lord: a wife must not separate from her husband.|Preserves authority distinction and gender-specific command.
7:11|But if she does separate, she should remain unmarried or be reconciled to her husband. And a husband must not divorce his wife.|Keeps both alternatives and reciprocal prohibition.
7:12|To the rest I say—I, not the Lord—if any brother has an unbelieving wife and she consents to live with him, he must not divorce her.|Preserves Paul's authority qualification and the wife's consent.
7:13|And if a woman has an unbelieving husband and he consents to live with her, she must not divorce her husband.|Keeps reciprocal situation and consent.
7:14|For the unbelieving husband is made holy through his wife, and the unbelieving wife is made holy through the believing husband. Otherwise your children would be unclean, but now they are holy.|Preserves relational sanctification and children's status.
7:15|But if the unbelieving partner separates, let that person separate. A brother or sister is not enslaved in such cases; God has called us to peace.|Keeps permission, non-enslavement, and peace.
7:16|For how do you know, wife, whether you will save your husband? Or how do you know, husband, whether you will save your wife?|Preserves uncertainty and reciprocal questions.
7:17|In any case, each person should live as the Lord has assigned and as God has called. This is what I direct in all the churches.|Keeps assigned condition, calling, and universal instruction.
7:18|Was anyone already circumcised when called? He should not try to reverse it. Was anyone uncircumcised when called? He should not seek circumcision.|Preserves bodily states and prohibitions.
7:19|Circumcision is nothing and uncircumcision is nothing; what matters is keeping God's commands.|Keeps repeated nothing and stated priority.
7:20|Each person should remain in the calling in which they were called.|Preserves repeated calling language.
7:21|Were you enslaved when called? Do not let it trouble you. But if you can become free, make use of the opportunity.|Chooses freedom as the consequential opportunity while retaining slavery.
7:22|For the one who was enslaved when called in the Lord is the Lord's freed person. Likewise, the one who was free when called is Christ's slave.|Keeps ancient legal statuses and reversal.
7:23|You were bought at a price; do not become slaves of people.|Preserves purchase and slavery imagery.
7:24|Brothers and sisters, each person should remain with God in the condition in which that person was called.|Keeps communal address and Godward setting.
7:25|Now concerning virgins, I have no command from the Lord, but I give my judgment as one shown mercy by the Lord to be trustworthy.|Preserves absence of command and basis for counsel.
7:26|I think, then, because of the present crisis, that it is good for a person to remain as they are.|Keeps situational reason and qualified judgment.
7:27|Are you bound to a wife? Do not seek release. Are you released from a wife? Do not seek a wife.|Preserves balanced marital conditions.
7:28|But if you do marry, you have not sinned, and if a virgin marries, she has not sinned. Yet such people will have distress in this life, and I am trying to spare you.|Keeps non-sin, concrete trouble, and pastoral aim.
7:29|This is what I mean, brothers and sisters: the time has grown short. From now on, those who have wives should live as though they had none,|Preserves urgency and intentionally jarring comparison.
7:30|those who weep as though not weeping, those who rejoice as though not rejoicing, and those who buy as though not possessing,|Keeps three temporary postures.
7:31|and those who use the world as though not using it fully. For this world's present form is passing away.|Preserves use/nonuse and transience.
7:32|I want you to be free from anxiety. The unmarried man is concerned about the Lord's things, how to please the Lord,|Keeps stated pastoral aim and male case.
7:33|but the married man is concerned about worldly things, how to please his wife,|Preserves marital concern and continuing contrast.
7:34|and he is divided. The unmarried woman and the virgin are concerned about the Lord's things, so that they may be holy in body and spirit. But the married woman is concerned about worldly things, how to please her husband.|Keeps gender-specific parallels and whole-person holiness.
7:35|I say this for your own benefit, not to put a restraint around you, but to promote good order and undistracted devotion to the Lord.|Preserves benefit, noose image's restraint sense, and devotion.
7:36|But if anyone thinks he is behaving improperly toward his virgin, if she is past marriageable age and it ought to be so, he should do what he wants; he is not sinning. They should marry.|Preserves interpretive ambiguity around the man's relation while stating marriage outcome.
7:37|But the man who stands firm in his heart, under no compulsion and having control over his own will, and has decided in his heart to keep his virgin unmarried, will do well.|Keeps internal resolve, freedom, and debated relationship.
7:38|So the one who marries his virgin does well, and the one who does not marry will do better.|Preserves comparative counsel without turning it into command.
7:39|A wife is bound as long as her husband lives. But if her husband falls asleep in death, she is free to marry anyone she wishes, only in the Lord.|Keeps duration, death euphemism, freedom, and qualification.
7:40|Yet in my judgment she is happier if she remains as she is—and I think that I too have God's Spirit.|Preserves Paul's counsel and gently ironic authority claim.
8:1|Now concerning food sacrificed to idols: we know that “we all have knowledge.” Knowledge puffs up, but love builds up.|Marks slogan and preserves inflate/build contrast.
8:2|If anyone thinks they know something, they do not yet know as they ought to know.|Keeps epistemic humility.
8:3|But if anyone loves God, that person is known by God.|Preserves divine knowing as decisive.
8:4|So concerning the eating of food sacrificed to idols, we know that “an idol is nothing in the world” and that “there is no God but one.”|Keeps paired confessional claims as likely slogans.
8:5|For even if there are so-called gods, whether in heaven or on earth—as indeed there are many gods and many lords—|Preserves concession and ancient plural claims.
8:6|yet for us there is one God, the Father, from whom are all things and for whom we exist; and one Lord, Jesus Christ, through whom are all things and through whom we exist.|Keeps one-God confession and distinct prepositions.
8:7|But not everyone has this knowledge. Some, through their former association with the idol, still eat food as truly offered to an idol, and their weak conscience is defiled.|Preserves prior formation, eating, weakness, and defilement.
8:8|Food will not bring us before God. We are no worse if we do not eat and no better if we do.|Keeps the balanced lack of spiritual advantage.
8:9|But take care that this freedom of yours does not somehow become a stumbling block to the weak.|Preserves liberty and harm warning.
8:10|For if someone sees you, who have knowledge, reclining to eat in an idol's temple, will not that person's weak conscience be encouraged to eat food sacrificed to idols?|Keeps temple setting and dangerous encouragement.
8:11|So by your knowledge the weak person is destroyed—the brother or sister for whom Christ died.|Preserves grave consequence and Christ's death.
8:12|When you sin in this way against brothers and sisters and wound their weak conscience, you sin against Christ.|Keeps bodily striking metaphor as wound and Christward offense.
8:13|Therefore, if food causes my brother or sister to stumble, I will never eat meat again, so that I do not cause them to stumble.|Preserves Paul's absolute self-limitation.
9:1|Am I not free? Am I not an apostle? Have I not seen Jesus our Lord? Are you not my work in the Lord?|Keeps all four credentials as questions.
9:2|If I am not an apostle to others, at least I am to you, for you are the seal of my apostleship in the Lord.|Preserves community as validating seal.
9:3|This is my defense to those who examine me.|Keeps courtroom language and concise transition.
9:4|Do we not have the right to eat and drink?|Preserves apostolic entitlement question.
9:5|Do we not have the right to take along a believing wife, as do the other apostles, the Lord's brothers, and Cephas?|Keeps gender, marriage, and named comparators.
9:6|Or are Barnabas and I the only ones who have no right to refrain from working for a living?|Names Barnabas and clarifies the labor issue.
9:7|Who ever serves as a soldier at their own expense? Who plants a vineyard and does not eat its fruit? Or who tends a flock and does not drink its milk?|Preserves three occupational analogies.
9:8|Am I saying these things merely on human authority? Does not the law also say them?|Keeps two-source rhetorical progression.
9:9|For in Moses's law it is written, “Do not muzzle an ox while it is threshing grain.” Is God concerned only about oxen?|Preserves law attribution, animal care, and question.
9:10|Or is he certainly speaking for our sake? Yes, it was written for us, because the plowman should plow in hope and the thresher thresh in hope of sharing the harvest.|Keeps application and repeated hope.
9:11|If we sowed spiritual things among you, is it too much if we reap material support from you?|Preserves sow/reap and spiritual/material contrast.
9:12|If others share this right over you, do we not have it even more? Yet we have not used this right. Instead, we endure everything so that we may place no obstacle in Christ's good news.|Keeps renounced right and gospel purpose.
9:13|Do you not know that those who work in the temple eat food from the temple, and those who serve at the altar share in what is offered on the altar?|Preserves temple and altar analogies.
9:14|In the same way, the Lord commanded that those who proclaim the good news should live from the good news.|Keeps divine command and repeated gospel.
9:15|But I have used none of these rights. And I am not writing this so that they will be granted to me. I would rather die than—no one will empty my reason for boasting!|Retains Paul's broken sentence and vehement boast.
9:16|For if I proclaim the good news, I have no reason to boast, since necessity is laid on me. Woe to me if I do not proclaim the good news!|Keeps compulsion and prophetic woe.
9:17|For if I do this willingly, I have a reward; but if unwillingly, I have still been entrusted with a stewardship.|Preserves willing/unwilling and entrusted office.
9:18|What then is my reward? That in proclaiming the good news I may offer it free of charge and not make full use of my right in the good news.|Keeps reward as relinquished entitlement.
9:19|For though I am free from everyone, I made myself a slave to everyone in order to win more people.|Preserves freedom/slavery reversal and mission aim.
9:20|To the Jews I became like a Jew, to win Jews. To those under the law I became like one under the law—though I myself am not under the law—to win those under the law.|Keeps Jewish identity rhetoric and pinned qualification.
9:21|To those outside the law I became like one outside the law—though I am not outside God's law but under Christ's law—to win those outside the law.|Preserves double legal qualification.
9:22|To the weak I became weak, to win the weak. I have become all things to all people, so that by every possible means I might save some.|Keeps repeated weak, expansive adaptation, and limited some.
9:23|I do all this for the sake of the good news, so that I may share in it.|Preserves participation as Paul's aim.
9:24|Do you not know that all the runners in a stadium run, but only one receives the prize? Run in such a way that you may win it.|Keeps athletic setting and imperative.
9:25|Every athlete exercises self-control in everything. They do it to receive a perishable wreath, but we an imperishable one.|Preserves discipline and two crowns.
9:26|So I do not run aimlessly or box as one beating the air.|Keeps paired athletic metaphors.
9:27|Instead, I strike my body and make it my slave, so that after proclaiming to others I myself will not be disqualified.|Retains harsh bodily discipline and disqualification risk.
10:1|For I do not want you to be unaware, brothers and sisters, that our ancestors were all under the cloud and all passed through the sea.|Keeps shared ancestry and repeated all.
10:2|They were all baptized into Moses in the cloud and in the sea.|Preserves unusual baptismal analogy.
10:3|They all ate the same spiritual food,|Keeps repeated all and continuing thought.
10:4|and all drank the same spiritual drink. For they drank from the spiritual rock that followed them, and that rock was Christ.|Preserves following-rock tradition and christological identification.
10:5|Nevertheless, God was not pleased with most of them, and their bodies were scattered across the wilderness.|Retains divine displeasure and corpses in desert.
10:6|Now these things became examples for us, so that we would not desire evil things as they did.|Keeps typological warning and desire.
10:7|Do not become idolaters as some of them did, as it is written: “The people sat down to eat and drink and rose up to play.”|Preserves command and quoted scene.
10:8|Let us not commit sexual immorality as some of them did, and twenty-three thousand fell in one day.|Keeps exact number and fatal consequence.
10:9|Let us not test Christ as some of them did and were destroyed by snakes.|Follows pinned Christ reading and physical deaths.
10:10|And do not grumble as some of them did and were destroyed by the destroyer.|Keeps grumbling and destructive agent.
10:11|These things happened to them as examples and were written as a warning for us, on whom the ends of the ages have come.|Preserves typology, writing, and eschatological arrival.
10:12|So the one who thinks they stand must watch out lest they fall.|Keeps stand/fall warning.
10:13|No trial has overtaken you except what is common to humanity. God is faithful; he will not allow you to be tested beyond what you can bear, but with the trial he will also provide a way out so that you can endure it.|Preserves both testing/trial senses and promise of endurance.
10:14|Therefore, my beloved, flee from idolatry.|Keeps affectionate direct command.
10:15|I speak to sensible people; judge for yourselves what I say.|Preserves appeal to discernment.
10:16|The cup of blessing that we bless—is it not participation in Christ's blood? The bread that we break—is it not participation in Christ's body?|Keeps ritual actions and repeated participation.
10:17|Because there is one bread, we who are many are one body, for all of us partake of the one bread.|Preserves bread/body unity and all.
10:18|Consider Israel according to the flesh: are not those who eat the sacrifices participants in the altar?|Keeps Israel designation and cultic participation.
10:19|What then am I saying? That food sacrificed to an idol is anything, or that an idol is anything?|Keeps two denying questions.
10:20|No, but what they sacrifice, they sacrifice to demons and not to God. I do not want you to become participants with demons.|Preserves demonic referent and participation warning.
10:21|You cannot drink the Lord's cup and the cup of demons. You cannot partake of the Lord's table and the table of demons.|Keeps paired exclusive tables.
10:22|Or are we provoking the Lord to jealousy? Are we stronger than he is?|Preserves covenantal jealousy and challenge.
10:23|“Everything is permissible,” but not everything is beneficial. “Everything is permissible,” but not everything builds up.|Marks repeated slogan and two tests.
10:24|No one should seek one's own good but the good of the other.|Keeps self/other contrast.
10:25|Eat anything sold in the meat market without raising questions for conscience's sake,|Preserves market freedom and conscience reason.
10:26|for “the earth is the Lord's, and everything in it.”|Keeps scriptural ownership ground.
10:27|If an unbeliever invites you and you wish to go, eat whatever is set before you without raising questions for conscience's sake.|Preserves voluntary visit and ordinary hospitality.
10:28|But if someone tells you, “This was offered in sacrifice,” do not eat it, for the sake of the one who informed you and for conscience's sake—|Keeps explicit disclosure and relational restraint.
10:29|I mean the other person's conscience, not your own. For why should my freedom be judged by someone else's conscience?|Clarifies referent and preserves question.
10:30|If I partake with gratitude, why am I denounced for something for which I give thanks?|Keeps grace/gratitude and public criticism.
10:31|So whether you eat or drink or whatever you do, do everything for God's glory.|Preserves comprehensive scope and purpose.
10:32|Give no offense to Jews, Greeks, or God's church,|Names all three groups.
10:33|just as I try to please everyone in everything, not seeking my own advantage but that of the many, so that they may be saved.|Keeps accommodation, self-denial, and saving purpose.
11:1|Imitate me, just as I imitate Christ.|Preserves qualified imitation.
11:2|Now I praise you because you remember me in everything and hold firmly to the traditions just as I delivered them to you.|Keeps praise, memory, and transmitted practices.
11:3|But I want you to know that Christ is the head of every man, the man is the head of a woman, and God is the head of Christ.|Retains gendered sequence and ambiguous head metaphor.
11:4|Every man who prays or prophesies with something hanging down from his head dishonors his head.|Preserves male worship activity and disputed covering description.
11:5|But every woman who prays or prophesies with her head uncovered dishonors her head, for it is one and the same as having her head shaved.|Keeps women's active worship and shame comparison.
11:6|For if a woman does not cover her head, she should also have her hair cut off. But if it is shameful for a woman to have her hair cut or shaved, she should cover her head.|Preserves Paul's conditional cultural reasoning.
11:7|For a man ought not cover his head, since he is God's image and glory, but woman is man's glory.|Retains gender-specific claims without smoothing them.
11:8|For man did not come from woman, but woman from man;|Keeps creation-order argument.
11:9|and man was not created for woman, but woman for man.|Preserves stated purpose relation.
11:10|For this reason, and because of the angels, a woman ought to have authority over her head.|Renders authority positively and retains angelic rationale.
11:11|Nevertheless, in the Lord woman is not independent of man, nor man independent of woman.|Keeps mutual dependence as qualification.
11:12|For just as woman came from man, so man is born through woman, and all things come from God.|Preserves origin reversal and divine source.
11:13|Judge for yourselves: is it fitting for a woman to pray to God with her head uncovered?|Keeps appeal and gendered question.
11:14|Does not nature itself teach you that if a man wears long hair, it is a dishonor to him,|Preserves Paul's nature claim and continuing contrast.
11:15|but if a woman wears long hair, it is her glory? For her hair is given to her as a covering.|Keeps hair/glory/covering relation.
11:16|But if anyone is inclined to be contentious, we have no other practice, nor do God's churches.|Preserves dispute-closing appeal to communal practice.
11:17|Now in giving this instruction, I do not praise you, because when you gather it is not for the better but for the worse.|Keeps explicit blame and harmful assembly.
11:18|For first, when you gather as a church, I hear there are divisions among you, and to some extent I believe it.|Preserves report and qualified belief.
11:19|Indeed, factions must also arise among you so that those who are approved may become evident among you.|Keeps necessity and revealing function.
11:20|So when you gather in the same place, it is not really the Lord's supper you eat.|Preserves ironic negation of their meal.
11:21|For in eating, each person goes ahead with their own supper; one goes hungry while another gets drunk.|Names inequity, hunger, and drunkenness.
11:22|Do you not have houses for eating and drinking? Or do you despise God's church and humiliate those who have nothing? What shall I say to you? Shall I praise you? In this I do not praise you.|Keeps socioeconomic harm and repeated refusal to praise.
11:23|For I received from the Lord what I also handed on to you: the Lord Jesus, on the night when he was handed over, took bread,|Preserves receive/hand on/handed over word connections.
11:24|and after giving thanks, he broke it and said, “This is my body, which is for you. Do this in remembrance of me.”|Follows pinned text without an added broken phrase.
11:25|In the same way, after supper he took the cup, saying, “This cup is the new covenant in my blood. Whenever you drink it, do this in remembrance of me.”|Keeps covenant, blood, repetition, and remembrance.
11:26|For whenever you eat this bread and drink the cup, you proclaim the Lord's death until he comes.|Preserves proclamation between death and coming.
11:27|Therefore, whoever eats the bread or drinks the Lord's cup in an unworthy manner will be answerable for the Lord's body and blood.|Keeps manner, alternative or, and grave accountability.
11:28|A person should examine oneself, and in this way eat from the bread and drink from the cup.|Preserves self-examination leading to participation.
11:29|For the one who eats and drinks without discerning the body eats and drinks judgment on oneself.|Keeps body ambiguity and self-incurred judgment.
11:30|That is why many among you are weak and sick, and quite a few have fallen asleep in death.|Retains claimed consequence and death euphemism.
11:31|But if we discerned ourselves, we would not be judged.|Keeps discern/judge wordplay.
11:32|Yet when we are judged by the Lord, we are disciplined so that we will not be condemned with the world.|Preserves corrective purpose and final contrast.
11:33|Therefore, my brothers and sisters, when you gather to eat, wait for one another.|Keeps communal solution.
11:34|If anyone is hungry, that person should eat at home, so that your gathering does not result in judgment. I will arrange the remaining matters when I come.|Preserves practical instruction and deferred orders.
12:1|Now concerning spiritual gifts, brothers and sisters, I do not want you to be uninformed.|Uses gifts while noting the Greek's broader spiritual-things sense.
12:2|You know that when you were Gentiles, you were led astray to mute idols, however you were led.|Keeps former identity and passive misdirection.
12:3|Therefore, I want you to know that no one speaking by God's Spirit says, “Jesus is accursed,” and no one can say, “Jesus is Lord,” except by the Holy Spirit.|Preserves two confessions and Spirit criterion.
12:4|There are varieties of gifts, but the same Spirit;|Keeps diversity/unity refrain.
12:5|there are varieties of ministries, but the same Lord;|Preserves parallel service language.
12:6|and there are varieties of activities, but the same God activates all of them in everyone.|Keeps divine working and repeated all.
12:7|A manifestation of the Spirit is given to each person for the common good.|Preserves individual gift and communal purpose.
12:8|To one is given through the Spirit a message of wisdom, and to another a message of knowledge according to the same Spirit;|Keeps distinct speech gifts and same Spirit.
12:9|to another faith by the same Spirit, and to another gifts of healing by the one Spirit;|Preserves faith and plural healings.
12:10|to another workings of miracles, to another prophecy, to another discernment of spirits, to another various kinds of tongues, and to another interpretation of tongues.|Keeps the full differentiated list.
12:11|One and the same Spirit works all these things, distributing to each person individually just as the Spirit wills.|Preserves Spirit's agency and will.
12:12|For just as the body is one and has many members, and all the body's members, though many, are one body, so also is Christ.|Keeps one/many repetition and identifies Christ with body.
12:13|For in one Spirit we were all baptized into one body—whether Jews or Greeks, enslaved or free—and we were all given one Spirit to drink.|Retains ethnic and status pairs, including slavery.
12:14|For the body is not one member but many.|Keeps concise correction.
12:15|If the foot says, “Because I am not a hand, I do not belong to the body,” that does not make it any less part of the body.|Preserves personified self-exclusion and rebuttal.
12:16|And if the ear says, “Because I am not an eye, I do not belong to the body,” that does not make it any less part of the body.|Keeps deliberate parallel repetition.
12:17|If the whole body were an eye, where would hearing be? If the whole were hearing, where would the sense of smell be?|Preserves sensory absurdity.
12:18|But as it is, God arranged each one of the members in the body just as he wished.|Keeps divine placement and will.
12:19|If all were one member, where would the body be?|Retains rhetorical question.
12:20|But as it is, there are many members and one body.|Keeps one/many summary.
12:21|The eye cannot say to the hand, “I do not need you,” nor again the head to the feet, “I do not need you.”|Preserves interdependence and direct speech.
12:22|On the contrary, the members of the body that seem weaker are indispensable,|Keeps perceived weakness and necessity.
12:23|and those members we consider less honorable we clothe with greater honor, while our unpresentable parts are treated with greater modesty.|Preserves embodied social analogy and dignity.
12:24|Our presentable parts have no need of this. But God has composed the body, giving greater honor to the part that lacked it,|Keeps divine rebalancing of honor.
12:25|so that there may be no division in the body but the members may have the same care for one another.|Preserves anti-division and mutual care.
12:26|If one member suffers, all the members suffer together; if one member is honored, all the members rejoice together.|Keeps shared suffering and honor.
12:27|Now you are Christ's body, and individually members of it.|Preserves corporate identity and individual participation.
12:28|And God has appointed in the church first apostles, second prophets, third teachers, then miracles, then gifts of healing, helping, leading, and various kinds of tongues.|Keeps order and complete ministry list.
12:29|Are all apostles? Are all prophets? Are all teachers? Do all work miracles?|Retains four expected-negative questions.
12:30|Do all have gifts of healing? Do all speak in tongues? Do all interpret?|Keeps diversity questions.
12:31|But eagerly desire the greater gifts. And now I will show you a way beyond all comparison.|Preserves command and superlative transition.
13:1|If I speak in the tongues of humans and of angels but do not have love, I have become a resounding gong or a clashing cymbal.|Keeps hypothetical extremes and noisy emptiness.
13:2|And if I have prophecy and know all mysteries and all knowledge, and if I have all faith so as to move mountains but do not have love, I am nothing.|Preserves repeated all and love's decisive absence.
13:3|And if I give away all my possessions, and if I hand over my body so that I may boast, but do not have love, I gain nothing.|Follows pinned boast variant and keeps total self-giving without benefit.
13:4|Love is patient; love is kind. Love does not envy, does not boast, is not puffed up.|Preserves repeated love and five traits.
13:5|It does not behave dishonorably, does not seek its own way, is not easily provoked, and does not keep an account of wrong.|Keeps relational behaviors and accounting image.
13:6|It does not rejoice in injustice but rejoices together with the truth.|Preserves injustice/truth contrast.
13:7|It bears all things, believes all things, hopes all things, endures all things.|Keeps fourfold all refrain.
13:8|Love never fails. But prophecies will be brought to an end, tongues will cease, and knowledge will be brought to an end.|Preserves love's permanence and gifts' cessation.
13:9|For we know in part and we prophesy in part,|Keeps repeated partiality.
13:10|but when completeness comes, what is partial will be brought to an end.|Uses completeness without prematurely defining the referent.
13:11|When I was a child, I spoke like a child, thought like a child, and reasoned like a child. When I became an adult, I put away childish things.|Keeps three childhood activities and maturation.
13:12|For now we see in a mirror, dimly, but then face to face. Now I know in part; then I will know fully, just as I have been fully known.|Preserves ancient mirror obscurity and knowing reciprocity.
13:13|Now faith, hope, and love remain, these three; and the greatest of these is love.|Keeps triad and love's primacy.
14:1|Pursue love and eagerly desire spiritual gifts, especially that you may prophesy.|Keeps pursuit, desire, and priority.
14:2|For the one who speaks in a tongue speaks not to people but to God, since no one understands; by the Spirit that person speaks mysteries.|Preserves divine address, lack of comprehension, and mysteries.
14:3|But the one who prophesies speaks to people for building up, encouragement, and comfort.|Keeps the three communal effects.
14:4|The one who speaks in a tongue builds up oneself, but the one who prophesies builds up the church.|Preserves self/church contrast.
14:5|Now I want all of you to speak in tongues, but even more to prophesy. The one who prophesies is greater than the one who speaks in tongues, unless someone interprets so that the church may be built up.|Keeps Paul's desire, ranking, exception, and purpose.
14:6|Now, brothers and sisters, if I come to you speaking in tongues, how will I benefit you unless I speak to you with a revelation, knowledge, prophecy, or teaching?|Preserves question and four intelligible gifts.
14:7|Even lifeless instruments that produce sound, whether flute or harp, if they make no distinction between notes, how will anyone know what is played?|Keeps musical analogy and intelligibility.
14:8|And if a trumpet gives an unclear sound, who will prepare for battle?|Preserves military signal and consequence.
14:9|So also with you: unless you give intelligible speech with your tongue, how will anyone know what is being said? You will simply be speaking into the air.|Keeps application and air image.
14:10|There are, perhaps, many kinds of languages in the world, and none is without meaning.|Preserves tentative expression and meaningful voices.
14:11|So if I do not know the meaning of the language, I will be a foreigner to the speaker, and the speaker a foreigner to me.|Keeps reciprocal alienation.
14:12|So also with you: since you are eager for spiritual manifestations, seek to excel in building up the church.|Preserves zeal redirected to communal good.
14:13|Therefore, the one who speaks in a tongue should pray to interpret.|Keeps speaker's responsibility.
14:14|For if I pray in a tongue, my spirit prays, but my mind is unfruitful.|Preserves spirit/mind contrast.
14:15|What then? I will pray with the spirit, but I will also pray with the mind. I will sing praise with the spirit, but I will also sing praise with the mind.|Keeps both paired resolutions.
14:16|Otherwise, if you offer praise by the spirit, how can someone in the place of an outsider say “Amen” to your thanksgiving, since that person does not know what you are saying?|Preserves outsider, Amen, and comprehension issue.
14:17|You may be giving thanks well enough, but the other person is not built up.|Keeps personal validity and communal failure.
14:18|I thank God that I speak in tongues more than all of you.|Preserves Paul's own practice.
14:19|But in church I would rather speak five intelligible words to instruct others than ten thousand words in a tongue.|Keeps exact numbers and priority.
14:20|Brothers and sisters, do not be children in your thinking. Be infants in evil, but mature in your thinking.|Preserves child/infant/adult contrasts.
14:21|In the law it is written: “By people of other tongues and by the lips of foreigners I will speak to this people, yet even then they will not listen to me,” says the Lord.|Keeps foreign speech and refused hearing.
14:22|So tongues are a sign not for believers but for unbelievers, while prophecy is not for unbelievers but for believers.|Preserves Paul's stated audience contrast.
14:23|Therefore, if the whole church gathers together and everyone speaks in tongues, and outsiders or unbelievers enter, will they not say you are out of your minds?|Keeps whole assembly and visitor reaction.
14:24|But if everyone prophesies and an unbeliever or outsider enters, that person is convicted by everyone and called to account by everyone.|Preserves communal exposure and examination.
14:25|The secrets of that person's heart become evident, and so, falling facedown, the person will worship God and declare, “God is truly among you.”|Keeps disclosure, bodily worship, and confession.
14:26|What then, brothers and sisters? When you gather, each one has a psalm, a teaching, a revelation, a tongue, or an interpretation. Let everything be done for building up.|Preserves participatory variety and governing purpose.
14:27|If anyone speaks in a tongue, let there be two, or at most three, each in turn, and let one person interpret.|Keeps exact limits, sequence, and interpretation.
14:28|But if there is no interpreter, the speaker should remain silent in church and speak to oneself and to God.|Preserves conditional silence and private speech.
14:29|Let two or three prophets speak, and let the others discern what is said.|Keeps exact limits and communal evaluation.
14:30|But if a revelation comes to another person who is seated, the first speaker should be silent.|Preserves orderly yielding.
14:31|For you can all prophesy one by one, so that everyone may learn and everyone may be encouraged.|Keeps universal participation with order and purpose.
14:32|And prophets' spirits are subject to prophets,|Preserves self-governed prophetic agency.
14:33|for God is not a God of disorder but of peace, as in all the churches of the saints.|Keeps theological ground and broad church frame.
14:34|Women should remain silent in the churches, for they are not permitted to speak but should be in submission, as the law also says.|Translates the pinned instruction directly without erasing tension with 11:5.
14:35|If they want to learn something, they should ask their own husbands at home, for it is shameful for a woman to speak in church.|Retains marriage-specific direction and shame language.
14:36|Or did God's word originate with you? Or did it reach only you?|Keeps two rebuking questions.
14:37|If anyone thinks they are a prophet or spiritual, that person should recognize that what I write to you is the Lord's command.|Preserves claimed authority and discernment test.
14:38|But if anyone refuses to recognize this, that person is not recognized.|Follows pinned passive reading and reciprocal wordplay.
14:39|So then, my brothers and sisters, eagerly desire to prophesy, and do not forbid speaking in tongues.|Keeps positive desire and negative prohibition.
14:40|But let everything be done properly and in an orderly way.|Preserves comprehensive concluding rule.
15:1|Now I remind you, brothers and sisters, of the good news I proclaimed to you, which you also received and in which you stand.|Keeps proclamation, reception, and standing.
15:2|Through it you are also being saved, if you hold firmly to the message I proclaimed to you—unless you believed for nothing.|Preserves ongoing salvation, condition, and empty-faith possibility.
15:3|For I handed on to you as of first importance what I also received: that Christ died for our sins according to the Scriptures,|Keeps transmission, priority, death, and scriptural accordance.
15:4|that he was buried, that he has been raised on the third day according to the Scriptures,|Preserves burial, enduring resurrection result, timing, and Scripture.
15:5|and that he appeared to Cephas, then to the Twelve.|Keeps named and group witnesses.
15:6|Then he appeared to more than five hundred brothers and sisters at one time, most of whom remain alive until now, though some have fallen asleep in death.|Preserves number, contemporaneous witnesses, and death euphemism.
15:7|Then he appeared to James, then to all the apostles.|Keeps ordered appearances.
15:8|Last of all, as to one untimely born, he appeared also to me.|Retains Paul's harsh birth image.
15:9|For I am the least of the apostles, unworthy to be called an apostle, because I persecuted God's church.|Keeps self-abasement and reason.
15:10|But by God's grace I am what I am, and his grace toward me was not empty. Instead, I worked harder than all of them—yet not I, but God's grace with me.|Preserves grace/empty wordplay and labor qualification.
15:11|Whether, then, it was I or they, this is what we proclaim, and this is what you believed.|Keeps unified apostolic message.
15:12|Now if Christ is proclaimed as raised from the dead, how can some among you say there is no resurrection of the dead?|Preserves internal contradiction question.
15:13|But if there is no resurrection of the dead, then not even Christ has been raised.|Keeps first logical consequence.
15:14|And if Christ has not been raised, then our proclamation is empty, and your faith is empty.|Preserves repeated emptiness.
15:15|We are also found to be false witnesses about God, because we testified about God that he raised Christ, whom he did not raise if it is true that the dead are not raised.|Keeps grave false-witness consequence.
15:16|For if the dead are not raised, not even Christ has been raised.|Retains deliberate repetition.
15:17|And if Christ has not been raised, your faith is futile; you are still in your sins.|Keeps spiritual consequence.
15:18|Then those also who have fallen asleep in Christ have perished.|Preserves death euphemism and stark loss.
15:19|If we have placed our hope in Christ only for this life, we are more pitiful than all people.|Keeps limited-horizon consequence.
15:20|But now Christ has been raised from the dead, the firstfruits of those who have fallen asleep.|Preserves triumphant turn and harvest image.
15:21|For since death came through a human being, resurrection of the dead also comes through a human being.|Keeps human mediation parallel.
15:22|For just as in Adam all die, so also in Christ all will be made alive.|Preserves both occurrences of all and corporate spheres.
15:23|But each in proper order: Christ the firstfruits, then at his coming those who belong to Christ.|Keeps sequence and coming.
15:24|Then comes the end, when he hands over the kingdom to God the Father, after he brings to an end every ruler and every authority and power.|Preserves transfer of kingdom and defeated powers.
15:25|For he must reign until he puts all his enemies under his feet.|Keeps necessary reign and subjugation image.
15:26|The last enemy to be abolished is death.|Preserves death as enemy and final defeat.
15:27|For “he subjected all things under his feet.” But when it says all things are subjected, it is clear that this excludes the one who subjected all things to him.|Keeps quotation, all, and stated exception.
15:28|And when all things are subjected to him, then the Son himself will also be subjected to the one who subjected all things to him, so that God may be all in all.|Preserves repeated subjection and final purpose.
15:29|Otherwise, what will those do who are baptized for the dead? If the dead are not raised at all, why are people baptized for them?|Keeps disputed practice without explaining or endorsing it.
15:30|And why are we in danger every hour?|Preserves ongoing apostolic danger.
15:31|I die every day—I swear by my pride in you, brothers and sisters, which I have in Christ Jesus our Lord.|Keeps daily death and emphatic oath.
15:32|If I fought wild beasts in Ephesus merely as a human, what did I gain? If the dead are not raised, “Let us eat and drink, for tomorrow we die.”|Preserves possible metaphor, geography, and quotation.
15:33|Do not be deceived: “Bad company corrupts good character.”|Keeps warning and proverbial citation.
15:34|Come back to your senses as you ought, and stop sinning, for some have no knowledge of God. I say this to your shame.|Preserves awakening, command, ignorance, and shame.
15:35|But someone will ask, “How are the dead raised? And with what kind of body do they come?”|Keeps both bodily resurrection questions.
15:36|Foolish person! What you sow does not come to life unless it dies.|Retains insult and seed-death analogy.
15:37|And what you sow is not the body that will be, but a bare seed, perhaps of wheat or some other grain.|Keeps continuity and difference in seed image.
15:38|But God gives it a body as he has chosen, and to each kind of seed its own body.|Preserves divine choice and particularity.
15:39|Not all flesh is the same: humans have one kind, land animals another, birds another, and fish another.|Keeps four embodied kinds.
15:40|There are also heavenly bodies and earthly bodies, but the glory of the heavenly is one kind and that of the earthly another.|Preserves body and differing glory.
15:41|The sun has one glory, the moon another, and the stars another; indeed, star differs from star in glory.|Keeps celestial distinctions and repetition.
15:42|So also is the resurrection of the dead: what is sown perishable is raised imperishable;|Begins the repeated sow/raise contrasts.
15:43|it is sown in dishonor and raised in glory; it is sown in weakness and raised in power;|Keeps two parallel transformations.
15:44|it is sown a natural body and raised a spiritual body. If there is a natural body, there is also a spiritual body.|Preserves body in both states and explicit inference.
15:45|So it is written: “The first human, Adam, became a living being”; the last Adam became a life-giving Spirit.|Keeps Adam contrast and Spirit title.
15:46|But the spiritual did not come first; the natural did, and then the spiritual.|Preserves sequence.
15:47|The first human was from the earth, made of dust; the second human is from heaven.|Keeps origins and earthy material.
15:48|As was the one made of dust, so are those made of dust; and as is the heavenly one, so are those who are heavenly.|Preserves two representative solidarities.
15:49|And just as we have borne the image of the one made of dust, we will also bear the image of the heavenly one.|Follows pinned future and image transformation.
15:50|Now I say this, brothers and sisters: flesh and blood cannot inherit God's kingdom, nor does the perishable inherit the imperishable.|Keeps inheritance incapacity and corruption contrast.
15:51|Look, I tell you a mystery: we will not all fall asleep, but we will all be changed,|Preserves pinned negation placement and universal change.
15:52|in an instant, in the blink of an eye, at the last trumpet. For the trumpet will sound, the dead will be raised imperishable, and we will be changed.|Keeps speed, signal, resurrection, and transformation.
15:53|For this perishable body must put on imperishability, and this mortal body must put on immortality.|Preserves clothing metaphor and paired states.
15:54|And when this perishable body puts on imperishability and this mortal body puts on immortality, then the written saying will come true: “Death has been swallowed up in victory.”|Keeps fulfillment and swallowed-death image.
15:55|“Where, death, is your victory? Where, death, is your sting?”|Preserves direct taunt and pinned repeated death.
15:56|The sting of death is sin, and the power of sin is the law.|Keeps terse causal definitions.
15:57|But thanks be to God, who gives us the victory through our Lord Jesus Christ.|Preserves thanksgiving and divine gift.
15:58|Therefore, my beloved brothers and sisters, be steadfast and immovable, always excelling in the Lord's work, because you know that your labor in the Lord is not empty.|Keeps commands, abundance, and nonempty labor.
16:1|Now concerning the collection for the saints: do as I directed the churches of Galatia.|Preserves collection, recipients, and shared instruction.
16:2|On the first day of every week, each of you should set something aside and save it, in keeping with whatever prosperity you have, so that collections will not be made when I come.|Keeps weekly individual saving and proportional means.
16:3|Then when I arrive, I will send those you approve with letters to carry your gracious gift to Jerusalem.|Preserves community-approved couriers and gift destination.
16:4|And if it is appropriate for me to go as well, they will go with me.|Keeps conditional travel and companions.
16:5|I will come to you after I pass through Macedonia, for I am passing through Macedonia.|Preserves itinerary and repetition.
16:6|Perhaps I will stay with you or even spend the winter, so that you may send me on my way wherever I go.|Keeps tentative stay and community support.
16:7|For I do not want to see you now only in passing. I hope to remain with you for some time, if the Lord permits.|Preserves relational desire and divine contingency.
16:8|But I will remain in Ephesus until Pentecost,|Keeps place and festival timeline.
16:9|for a great and effective door has opened for me, and there are many opponents.|Preserves opportunity and opposition together.
16:10|If Timothy comes, see that he has no reason to be afraid while among you, for he is doing the Lord's work, just as I am.|Keeps protection and equal work.
16:11|So no one should despise him. Send him on his way in peace so that he may come to me, for I am expecting him with the brothers.|Preserves warning, support, and expected party.
16:12|Now concerning our brother Apollos: I strongly urged him to come to you with the brothers, but it was not at all his will to come now. He will come when he has an opportunity.|Keeps Apollos's independent refusal and future openness.
16:13|Stay alert; stand firm in the faith; be courageous; be strong.|Retains four terse imperatives and gendered idiom's courage sense.
16:14|Let everything you do be done in love.|Keeps comprehensive love rule.
16:15|Now I urge you, brothers and sisters—you know the household of Stephanas, that they are the firstfruits of Achaia and have devoted themselves to serving the saints—|Preserves household, geography, self-devotion, and continuing appeal.
16:16|submit yourselves to such people and to everyone who works and labors with them.|Keeps submission to laboring servants.
16:17|I rejoice at the arrival of Stephanas, Fortunatus, and Achaicus, because they supplied what was lacking from you.|Names all three and their representative provision.
16:18|For they refreshed my spirit and yours. Therefore, recognize such people.|Keeps mutual refreshment and recognition.
16:19|The churches of Asia greet you. Aquila and Prisca, together with the church in their house, greet you warmly in the Lord.|Preserves regional churches, names, house church, and warmth.
16:20|All the brothers and sisters greet you. Greet one another with a holy kiss.|Keeps universal greeting and embodied response.
16:21|I, Paul, write this greeting with my own hand.|Preserves autograph identification.
16:22|If anyone does not love the Lord, let that person be accursed. Marana tha!|Retains curse and untranslated Aramaic plea.
16:23|The grace of the Lord Jesus be with you.|Keeps brief benediction.
16:24|My love be with all of you in Christ Jesus.|Preserves personal love and inclusive all.
