105:1|Give thanks to the LORD; call on his name.\nMake his deeds known among the peoples.|Preserves invocation and outward witness as separate imperatives.
105:2|Sing to him; make music for him.\nTell of all his wonders.|Retains both musical verbs and the scope of wonders.
105:3|Take pride in his holy name.\nLet those who seek the LORD rejoice in their hearts.|Locates boasting in the name and joy in seekers' hearts.
105:4|Seek the LORD and his strength;\nseek his presence always.|Renders seeking the face as seeking presence, retaining repetition.
105:5|Remember the wonders he has done,\nhis signs and the judgments he has spoken,|Keeps three objects of remembrance and the spoken judgments.
105:6|you offspring of Abraham his servant,\nyou children of Jacob, his chosen ones.|Preserves the two ancestral addresses and servant/chosen distinction.
105:7|He is the LORD our God;\nhis judgments reach throughout the earth.|Retains identification and worldwide judgment.
105:8|He remembers his covenant forever,\nthe word he commanded for a thousand generations,|Keeps commanded word, covenant, and thousand-generation horizon.
105:9|the covenant he made with Abraham,\nthe oath he swore to Isaac.|Carries the preceding syntax through the two ancestors.
105:10|He established it for Jacob as a decree,\nfor Israel as an everlasting covenant,|Preserves parallel names and decree/covenant terminology.
105:11|saying, “I will give you the land of Canaan\nas your allotted inheritance.”|Retains gift, named land, and measured inheritance image.
105:12|When they were few in number,\nvery few, and living there as foreigners,|Preserves intensified smallness and resident-alien status.
105:13|they wandered from nation to nation,\nfrom one kingdom to another people.|Keeps both forms of movement without supplying destinations.
105:14|He let no one oppress them;\nfor their sake he rebuked kings:|Retains protective action and rebuked rulers.
105:15|“Do not touch my anointed ones;\ndo not harm my prophets.”|Keeps plural anointed ones and prophetic designation.
105:16|He called a famine down on the land\nand broke every staff of bread that sustained them.|Preserves divine agency and the bread-as-staff image.
105:17|He sent a man ahead of them:\nJoseph, who was sold as a slave.|Makes Joseph's enslavement explicit without erasing providential framing.
105:18|They hurt his foot with shackles;\nhis neck was put in iron,|Follows the singular read form of foot and physical restraint idiom.
105:19|until his word came true.\nThe LORD’s utterance tested him.|Leaves the antecedent of his word open and retains testing.
105:20|The king sent for him and set him free;\nthe ruler of peoples released him.|Retains the parallel descriptions of release.
105:21|He made him master of his household\nand ruler over all he owned,|Keeps household and possessions as distinct jurisdictions.
105:22|to bind his princes as he wished\nand teach his elders wisdom.|Retains the difficult binding verb rather than replacing it with instruction.
105:23|Then Israel came to Egypt;\nJacob lived as a foreigner in the land of Ham.|Maintains ancestral parallelism and ancient name Ham.
105:24|God made his people very fruitful\nand stronger than their foes.|Clarifies divine subject without changing fertility and strength claims.
105:25|He turned their hearts to hate his people,\nto deal deceitfully with his servants.|Preserves the troubling divine agency and both hostile actions.
105:26|He sent Moses his servant\nand Aaron, whom he had chosen.|Keeps the differentiated descriptions of Moses and Aaron.
105:27|They performed his signs among them,\nhis wonders in the land of Ham.|Retains plural agents and the parallel location.
105:28|He sent darkness, and it grew dark;\nthey did not rebel against his word.|Preserves the negative and leaves the plural subject unexpanded.
105:29|He turned their waters into blood\nand killed their fish.|Keeps the direct divine actions and their victims.
105:30|Their land swarmed with frogs,\neven in the chambers of their kings.|Retains royal chambers and plural kings.
105:31|He spoke, and swarms of flies came,\nand gnats throughout their territory.|Preserves speech as cause and two pests.
105:32|He gave them hail in place of rain,\nflaming fire across their land.|Retains rain's reversal and fire imagery.
105:33|He struck their vines and fig trees\nand shattered the trees of their territory.|Keeps both named crops and wider tree destruction.
105:34|He spoke, and locusts came,\ndevouring locusts beyond counting.|Retains the second locust designation and uncountable number.
105:35|They ate every plant in their land\nand consumed the produce of their ground.|Preserves the two comprehensive descriptions of consumption.
105:36|He struck every firstborn in their land,\nthe first yield of all their strength.|Keeps firstborn deaths and the reproductive-strength image.
105:37|He brought his people out with silver and gold;\nno one among his tribes stumbled.|Retains possessions and the absence of stumbling.
105:38|Egypt was glad when they left,\nfor dread of them had fallen on it.|Preserves Egypt's personification and the stated reason for relief.
105:39|He spread a cloud as a covering\nand fire to give light at night.|Keeps covering and illumination distinct.
105:40|His people asked, and he brought quail;\nhe satisfied them with bread from heaven.|Renders the singular collective request in natural English.
105:41|He opened a rock, and water gushed out;\nit flowed through dry places like a river.|Preserves opening, gushing, and river in arid ground.
105:42|For he remembered his holy word\nand Abraham his servant.|Keeps remembrance tied to both promise and servant.
105:43|He brought his people out with joy,\nhis chosen ones with shouts of celebration.|Retains parallel people/chosen and audible rejoicing.
105:44|He gave them the lands of nations;\nthey inherited what other peoples had labored for,|Preserves transfer of land and others' labor without softening conquest.
105:45|so that they would keep his decrees\nand guard his instructions.\nPraise YAH!|Retains the purpose clause, two instruction terms, and short divine name.
106:1|Praise YAH!\nGive thanks to the LORD, for he is good;\nhis faithful love lasts forever.|Preserves both divine-name forms and the recurring thanksgiving formula.
106:2|Who can tell all the LORD’s mighty deeds\nor make all his praise heard?|Keeps the rhetorical question and totality of praise.
106:3|Happy are those who keep justice,\nwho do what is right at every moment.|Retains justice, enacted righteousness, and continual practice.
106:4|Remember me, LORD, when you show favor to your people;\ncome to my aid when you save them,|Preserves singular plea within communal favor.
106:5|so I may see your chosen ones prosper,\nrejoice in your nation’s joy,\nand share the pride of your own people.|Keeps the three desired participations and inheritance-community sense.
106:6|We have sinned, just as our ancestors did;\nwe have done wrong; we have acted wickedly.|Retains communal confession with ancestral continuity and three verbs.
106:7|Our ancestors in Egypt did not grasp your wonders\nor remember your abundant faithful love.\nThey rebelled by the sea, the Sea of Reeds.|Preserves failure of understanding and memory and the sea's Hebrew name.
106:8|Yet he saved them for his name’s sake,\nto make his might known.|Keeps the two stated purposes rather than supplying merit.
106:9|He rebuked the Sea of Reeds, and it dried up;\nhe led them through the depths as through a desert.|Retains rebuke and the surprising depths/desert comparison.
106:10|He saved them from the hand of those who hated them\nand redeemed them from the enemy’s hand.|Preserves repeated hand imagery and redemption vocabulary.
106:11|The waters covered their foes;\nnot one of them was left.|Retains complete loss of the pursuers.
106:12|Then they believed his words\nand sang his praise.|Keeps belief and song as the immediate response.
106:13|But they quickly forgot what he had done;\nthey would not wait for his counsel.|Preserves the rapid reversal and refusal to wait.
106:14|They were seized by craving in the wilderness\nand put God to the test in the wasteland.|Keeps intensified appetite and testing God.
106:15|He gave them what they asked for\nbut sent wasting into their bodies.|Takes leanness as bodily affliction without spiritualizing the harm.
106:16|In the camp they grew jealous of Moses\nand of Aaron, the LORD’s holy one.|Retains both targets and Aaron's designation.
106:17|The earth opened and swallowed Dathan;\nit closed over Abiram’s company.|Preserves the two named rebels and the fate of the company.
106:18|Fire blazed through their company;\nflames consumed the wicked.|Keeps the parallel destructive fire clauses.
106:19|At Horeb they made a calf\nand bowed down to an image cast from metal.|Retains location, animal image, and manufacture.
106:20|They exchanged their glory\nfor the likeness of an ox that eats grass.|Follows their glory and preserves the diminishing grass-eating image.
106:21|They forgot God their savior,\nwho had done great things in Egypt,|Carries the accusation into the following catalogue.
106:22|wonders in the land of Ham,\nterrifying deeds at the Sea of Reeds.|Retains both ancient locations and the fearful quality of the deeds.
106:23|He said he would destroy them,\nhad Moses his chosen one not stood in the breach before him\nto turn his fury away from destroying them.|Keeps the threatened destruction and defensive-breach intercession image.
106:24|They despised the desirable land\nand did not believe his word.|Preserves contempt for a good land and disbelief.
106:25|They grumbled in their tents\nand would not listen to the LORD’s voice.|Keeps private setting and refusal to hear.
106:26|So he raised his hand in an oath against them:\nhe would make them fall in the wilderness,|Makes oath gesture intelligible while preserving the falling judgment.
106:27|make their offspring fall among the nations,\nand scatter them across the lands.|Retains falling as well as scattering, without silently emending the verb.
106:28|They bound themselves to Baal of Peor\nand ate sacrifices offered to the dead.|Leaves the referent of the dead open and retains cultic attachment.
106:29|Their deeds provoked him,\nand a plague broke out among them.|Preserves provocation and ensuing plague.
106:30|Then Phinehas stood up and intervened,\nand the plague stopped.|Keeps decisive intervention without recasting the violent episode as prayer.
106:31|This was counted to him as righteousness\nfrom generation to generation, forever.|Preserves reckoning language and enduring assessment.
106:32|They angered him at the waters of Meribah,\nand Moses suffered because of them.|Keeps the people's provocation and its cost to Moses.
106:33|They rebelled against his spirit,\nand Moses spoke rashly with his lips.|Leaves whose spirit unresolved while identifying the rash speaker.
106:34|They did not destroy the peoples\nas the LORD had commanded them.|Retains the destructive command without euphemism.
106:35|Instead, they mingled with the nations\nand learned their practices.|Preserves mixing and learned conduct as the narrated sequence.
106:36|They served their idols,\nwhich became a trap for them.|Keeps service and snare image.
106:37|They sacrificed their sons\nand their daughters to demons.|Preserves both sexes of children and the named recipients.
106:38|They spilled innocent blood,\nthe blood of their sons and daughters,\nwhom they sacrificed to Canaan’s idols.\nThe land was polluted with blood.|Retains repeated blood, children, recipients, and land pollution.
106:39|They defiled themselves by what they did\nand prostituted themselves through their practices.|Preserves the sexual infidelity metaphor rather than generalizing misconduct.
106:40|The LORD’s anger burned against his people;\nhe came to loathe his own inheritance.|Keeps the force of anger and revulsion toward his own people.
106:41|He handed them over to the nations,\nand those who hated them ruled over them.|Preserves divine handing-over and hostile rule.
106:42|Their enemies oppressed them,\nand they were subdued under their hand.|Keeps oppression and hand imagery.
106:43|Time after time he rescued them,\nbut they rebelled in their schemes\nand sank low through their guilt.|Retains repeated rescue, deliberate rebellion, and resulting abasement.
106:44|Yet he saw their distress\nwhen he heard their cry.|Keeps seeing and hearing as the turn toward compassion.
106:45|He remembered his covenant for them\nand relented in his abundant faithful love.|Preserves covenant remembrance and relenting, with read-form abundance.
106:46|He made all their captors\nshow them compassion.|Keeps compassion mediated through captors.
106:47|Save us, LORD our God,\nand gather us from the nations,\nso we may thank your holy name\nand glory in praising you.|Retains gathering and the two purposes of deliverance.
106:48|Blessed be the LORD, the God of Israel,\nfrom everlasting to everlasting.\nLet all the people say, “Amen!”\nPraise YAH!|Preserves the book-closing blessing, communal response, and short name.
107:1|Give thanks to the LORD, for he is good;\nhis faithful love lasts forever.|Keeps the thanksgiving formula consistent with Psalm 106.
107:2|Let those the LORD has redeemed say so,\nthose he redeemed from the enemy’s hand,|Preserves repeated redemption and hand image.
107:3|those he gathered from the lands,\nfrom east and west, from north and the sea.|Retains the source's sea rather than silently replacing it with south.
107:4|Some wandered in desert wastelands;\nthey found no road to a city where they could live.|Makes the wandering group readable while preserving failed settlement.
107:5|Hungry and thirsty,\ntheir lives were ebbing away.|Renders failing nephesh as exhausted life rather than disembodied soul.
107:6|Then they cried to the LORD in their distress,\nand he rescued them from their troubles.|Retains the rescue verb distinct from later refrain variants.
107:7|He led them along a straight road\nto a city where they could live.|Preserves direction and the answer to the missing dwelling place.
107:8|Let them thank the LORD for his faithful love\nand his wonders for humanity.|Establishes the repeated thanksgiving refrain without narrowing humanity.
107:9|For he satisfies the thirsty\nand fills the hungry with good things.|Keeps the bodily needs and their satisfaction.
107:10|Some sat in darkness and death’s shadow,\nprisoners bound in misery and iron,|Retains darkness, death-shadow, and material confinement.
107:11|because they had rebelled against God’s words\nand spurned the counsel of the Most High.|Keeps the two offenses and the divine title.
107:12|He humbled their hearts with hard labor;\nthey stumbled, and no one helped.|Preserves divine agency, labor, and helpless stumbling.
107:13|Then they cried to the LORD in their distress,\nand he saved them from their troubles.|Retains saved as the source's variation on verse 6.
107:14|He brought them out of darkness and death’s shadow\nand broke their chains apart.|Keeps liberation tied to both repeated images.
107:15|Let them thank the LORD for his faithful love\nand his wonders for humanity.|Preserves the exact repeated thanksgiving refrain.
107:16|For he shattered bronze doors\nand cut through iron bars.|Retains both metals and distinct breaking actions.
107:17|Fools suffered for their rebellious ways,\nfor their wrongs.|Preserves fools as the subject of suffering without adding a process of becoming foolish.
107:18|They could not bear any food\nand drew near the gates of death.|Keeps aversion to all food and death's gate image.
107:19|Then they cried to the LORD in their distress,\nand he saved them from their troubles.|Repeats the source wording of verse 13.
107:20|He sent his word and healed them;\nhe delivered them from their pits of destruction.|Preserves healing by the sent word and the pit/destruction expression.
107:21|Let them thank the LORD for his faithful love\nand his wonders for humanity.|Maintains the refrain despite the source's scribal marking.
107:22|Let them offer sacrifices of thanksgiving\nand tell of his deeds with joyful shouts.|Retains sacrificial worship and narrated deeds.
107:23|Some went down to the sea in ships,\ndoing business on the mighty waters.|Preserves descent to sea and commercial purpose.
107:24|They saw the LORD’s works,\nhis wonders in the deep.|Keeps seafarers as witnesses and the deep as setting.
107:25|He spoke and raised a storm wind\nthat lifted the sea’s waves.|Preserves divine speech and the wind-wave sequence.
107:26|They rose to the heavens and plunged into the depths;\ntheir courage melted in their misery.|Keeps vertical extremes and the melting-life idiom.
107:27|They reeled and staggered like drunks;\nall their skill was swallowed up.|Preserves intoxication comparison and swallowed wisdom image.
107:28|Then they cried to the LORD in their distress,\nand he brought them out of their troubles.|Retains brought out as the fourth rescue refrain's distinct verb.
107:29|He stilled the storm to a whisper,\nand the waves fell silent.|Keeps the storm's hush and the waves' silence.
107:30|They were glad when the waters grew calm,\nand he guided them to the harbor they longed for.|Renders the rare destination term as harbor with desire intact.
107:31|Let them thank the LORD for his faithful love\nand his wonders for humanity.|Keeps the fourth thanksgiving refrain unchanged.
107:32|Let them exalt him in the people’s assembly\nand praise him in the council of elders.|Retains both public settings.
107:33|He turns rivers into desert\nand springs of water into thirsty ground,|Preserves present-tense reversal and thirsty earth image.
107:34|fruitful land into a salt waste,\nbecause of the evil of those who live there.|Keeps the stated moral cause and salination image.
107:35|He turns desert into pools of water\nand dry ground into flowing springs.|Preserves the symmetrical reversal without merging water forms.
107:36|There he settles the hungry,\nand they build a city to live in.|Links settled hunger to the recurring dwelling-city image.
107:37|They sow fields and plant vineyards\nthat yield a fruitful harvest.|Keeps the two agricultural activities and their yield.
107:38|He blesses them, and they multiply greatly;\nhe does not let their livestock dwindle.|Preserves human increase and separate livestock protection.
107:39|Then their numbers fall, and they are brought low\nthrough oppression, trouble, and sorrow.|Keeps the unsettling reversal and all three causes.
107:40|He pours contempt on princes\nand makes them wander in a trackless waste.|Retains humiliating judgment and pathless wandering.
107:41|But he lifts the needy out of affliction\nand makes their families grow like flocks.|Keeps social reversal and the flock comparison.
107:42|The upright see it and rejoice;\nall injustice shuts its mouth.|Preserves personified injustice and righteous response.
107:43|Whoever is wise will attend to these things\nand consider the LORD’s acts of faithful love.|Keeps the wisdom invitation and plural manifestations of love.
108:1|A song. A psalm of David.\nMy heart is steadfast, God.\nI will sing and make music with my glory.|Binds separate title and first body record; preserves difficult glory expression.
108:2|Wake up, harp and lyre!\nI will wake the dawn.|Keeps personified instruments and dawn awakened by singer.
108:3|I will thank you among the peoples, LORD;\nI will make music for you among the nations.|Retains public praise and two population terms.
108:4|For your faithful love is great beyond the heavens;\nyour faithfulness reaches the clouds.|Preserves beyond, differing from the related Psalm 57 line.
108:5|Be exalted above the heavens, God;\nlet your glory be over all the earth.|Keeps paired heavenly and earthly scope.
108:6|So that those you love may be rescued,\nsave with your right hand and answer me.|Retains plural beloved, right hand, and singular answer me.
108:7|God has spoken in his holiness:\n“I will rejoice; I will divide Shechem\nand measure out the valley of Succoth.|Preserves divine speech, rejoicing, and territorial allocation.
108:8|Gilead is mine, and Manasseh is mine.\nEphraim is the defense of my head;\nJudah is my ruler’s staff.|Keeps repeated possession and two rule/defense images.
108:9|Moab is my washbasin;\nover Edom I throw my sandal;\nover Philistia I shout in triumph.”|Retains humiliating objects and divine first-person triumph.
108:10|Who will bring me into the fortified city?\nWho will guide me to Edom?|Preserves paired questions and named destination.
108:11|Have you not rejected us, God?\nYou no longer go out with our armies, God.|Keeps communal complaint and repeated address.
108:12|Give us help against the foe;\nhuman deliverance is worthless.|Preserves the contrast between requested aid and human rescue.
108:13|With God we will act valiantly;\nhe himself will trample our foes.|Keeps martial strength and divine trampling.
109:1|For the music director. Of David. A psalm.\nGod of my praise, do not stay silent.|Preserves inline title and urgent appeal against silence.
109:2|For wicked and deceitful mouths have opened against me;\nthey speak to me with lying tongues.|Retains mouth and tongue images with plural attackers.
109:3|Words of hatred surround me;\nthey attack me without cause.|Preserves encirclement and undeserved hostility.
109:4|In return for my love they accuse me,\nbut I give myself to prayer.|Renders the compressed I-am-prayer idiom without losing the contrast.
109:5|They repay me with evil for good\nand hatred for my love.|Keeps the two inverted exchanges.
109:6|Appoint a wicked man over him;\nlet an accuser stand at his right hand.|Preserves the abrupt singular target and legal accuser without supplying Satan.
109:7|When he is tried, let him come out guilty;\nlet even his prayer be counted as sin.|Keeps the judicial wish and troubling prayer-as-sin request.
109:8|Let his days be few;\nlet someone else take his office.|Retains shortened life and transferred responsibility.
109:9|Let his children be fatherless\nand his wife a widow.|Keeps actual family harm and gendered relationships.
109:10|Let his children wander and beg,\nsearching for food far from their ruined homes.|Retains intensified wandering and destitution; food supplies the implied sought need.
109:11|Let a creditor seize everything he has;\nlet strangers plunder what he worked for.|Preserves total confiscation and loss of labor's fruit.
109:12|Let no one extend faithful love to him;\nlet no one show favor to his fatherless children.|Keeps repeated refusal of mercy, including vulnerable children.
109:13|Let his descendants be cut off;\nlet their name be wiped out in the next generation.|Preserves extinction and the specified generational horizon.
109:14|Let the guilt of his fathers be remembered before the LORD;\nlet his mother’s sin never be erased.|Keeps both parental lines and opposed remembrance/erasure.
109:15|Let these sins always remain before the LORD,\nand let him cut off their memory from the earth,|Clarifies sins as the remembered object while preserving extinction of memory.
109:16|because he never thought to show faithful love.\nHe pursued a poor and needy man,\na brokenhearted man, to put him to death.|Keeps the stated reason, victim's vulnerability, and lethal intent.
109:17|He loved cursing, and it came upon him;\nhe took no pleasure in blessing, and it stayed far from him.|Retains the source's narrative reversal rather than making every clause a wish.
109:18|He wore cursing like a garment;\nit entered him like water,\nlike oil into his bones.|Preserves clothing and inward penetration images.
109:19|Let it be the robe he wraps around himself,\nthe belt he wears continually.|Keeps the shift to a wish and both clothing objects.
109:20|Let this be the LORD’s payment to my accusers,\nto those who speak evil against my life.|Retains reward/payment language and plural accusers' return.
109:21|But you, LORD, my Lord, act for me for your name’s sake.\nBecause your faithful love is good, rescue me.|Preserves both divine names and the grounds of appeal.
109:22|For I am poor and needy,\nand my heart is wounded within me.|Keeps social vulnerability and internal wound.
109:23|I fade like a lengthening shadow;\nI am shaken off like a locust.|Preserves two distinct frailty comparisons.
109:24|My knees give way from fasting;\nmy body has wasted away, with no fat left.|Keeps bodily effects of fasting without spiritualizing them.
109:25|I have become an object of scorn to them;\nwhen they see me, they shake their heads.|Retains visible contempt and the head gesture.
109:26|Help me, LORD my God;\nsave me in keeping with your faithful love.|Keeps the paired pleas and covenant-love measure.
109:27|Let them know that this is your hand,\nthat you, LORD, have done it.|Preserves hand metaphor and emphatic divine agency.
109:28|They may curse, but you will bless.\nWhen they rise against me, let them be ashamed;\nlet your servant rejoice.|Keeps curse/blessing contrast and opponents/servant outcomes.
109:29|Let my accusers be clothed in disgrace;\nlet them wrap themselves in shame as in a cloak.|Returns to the clothing image with both shame terms.
109:30|With my mouth I will greatly thank the LORD;\nin the midst of the crowd I will praise him.|Preserves bodily and public thanksgiving.
109:31|For he stands at the right hand of the needy\nto save him from those who condemn him to death.|Keeps the right-hand reversal of verse 6 and judicial threat to life.
110:1|Of David. A psalm.\nThe LORD’s declaration to my lord:\n“Sit at my right hand\nuntil I make your enemies a footstool for your feet.”|Preserves title, distinct LORD/lord, and subjugation image without naming the addressee.
110:2|The LORD will extend your mighty staff from Zion:\n“Rule in the midst of your enemies.”|Keeps the royal staff, Zion, and imperative to rule amid foes.
110:3|Your people offer themselves freely on the day you muster your strength.\nIn holy splendor, from the womb of dawn,\nthe dew of your youth is yours.|Preserves the difficult youth/dew/dawn imagery without resolving all syntax.
110:4|The LORD has sworn and will not change his mind:\n“You are a priest forever,\nin the manner of Melchizedek.”|Retains enduring priesthood and the difficult Melchizedek formula with a note.
110:5|The Lord is at your right hand;\nhe crushes kings on the day of his anger.|Preserves Adonai rather than inserting YHWH and retains crushed kings.
110:6|He judges among the nations, leaving them full of corpses;\nhe crushes heads across a vast land.|Keeps lethal judgment and the broad land image without sanitizing corpses.
110:7|He drinks from a stream beside the road;\ntherefore he lifts his head.|Retains unnamed subject and the unexplained therefore connection.
111:1|Praise YAH!\nI will thank the LORD with my whole heart,\nin the company of the upright and in the assembly.|Keeps opening acclamation and two communal settings.
111:2|Great are the LORD’s works,\nstudied by all who delight in them.|Preserves attentive pursuit of works rather than passive admiration.
111:3|His work is splendor and majesty;\nhis righteousness stands forever.|Retains paired glory terms and enduring righteousness.
111:4|He has made his wonders remembered;\nthe LORD is gracious and compassionate.|Keeps divine provision of remembrance and paired attributes.
111:5|He gives food to those who fear him;\nhe remembers his covenant forever.|Retains food and covenant remembrance without an added condition.
111:6|He has shown his people the power of his works\nby giving them the inheritance of nations.|Preserves territorial gift as the displayed power.
111:7|The works of his hands are faithfulness and justice;\nall his precepts are trustworthy,|Keeps hands, paired qualities, and precepts terminology.
111:8|firmly established forever and ever,\nenacted in faithfulness and uprightness.|Carries preceding precepts into the enduring and ethical description.
111:9|He sent redemption to his people;\nhe ordained his covenant forever.\nHoly and fearsome is his name.|Preserves three poetic units and reverent fear, not merely admiration.
111:10|Fear of the LORD is the beginning of wisdom.\nAll who practice his precepts have good understanding.\nHis praise stands forever.|Makes the implied practiced commands legible while preserving three final units.
112:1|Praise YAH!\nHappy is the one who fears the LORD,\nwho delights greatly in his commands.|Preserves singular exemplar and strong delight alongside fear.
112:2|His offspring will be mighty in the land;\nthe generation of the upright will be blessed.|Keeps offspring and generation claims distinct.
112:3|Wealth and riches are in his house,\nand his righteousness stands forever.|Retains material wealth without turning the psalm into a formula.
112:4|Light dawns in the darkness for the upright,\nfor one who is gracious, compassionate, and righteous.|Takes the virtues of the upright person while recording the possible divine reference.
112:5|It goes well for one who is generous and lends,\nwho manages his affairs with justice.|Keeps lending, generosity, and just conduct together.
112:6|He will never be shaken;\nthe righteous will be remembered forever.|Preserves stability and lasting memory.
112:7|He does not fear bad news;\nhis heart is steadfast, trusting the LORD.|Keeps feared report, steady heart, and trust.
112:8|His heart is secure; he will not fear,\nuntil he looks in triumph on his foes.|Retains until and the conventional victorious look without adding destruction.
112:9|He gives freely to the needy;\nhis righteousness stands forever;\nhis horn is raised in honor.|Preserves three units and the ancient horn image with vocabulary support.
112:10|The wicked see it and rage;\nthey grind their teeth and waste away.\nThe desire of the wicked comes to nothing.|Keeps the bodily anger and vanishing desire in three units.
113:1|Praise YAH!\nPraise, you servants of the LORD;\npraise the name of the LORD.|Retains all three praise calls and divine-name forms.
113:2|Let the name of the LORD be blessed\nfrom now and forever.|Keeps the present-to-endless temporal span.
113:3|From the rising of the sun to its setting,\nthe name of the LORD is to be praised.|Preserves the geographic and daily resonance of sunrise/sunset.
113:4|The LORD is high above all nations;\nhis glory is above the heavens.|Keeps two elevated scopes.
113:5|Who is like the LORD our God,\nenthroned on high,|Retains the open question across the following verse.
113:6|who stoops to look\non the heavens and the earth?|Keeps the surprising lowering needed even to see heaven.
113:7|He raises the poor from the dust\nand lifts the needy from the refuse heap,|Preserves material degradation and upward movement.
113:8|to seat them with nobles,\nwith the nobles of his people.|Retains repeated nobles and the social reversal.
113:9|He settles the childless woman in a home\nas a joyful mother of children.\nPraise YAH!|Keeps the woman's changed circumstance and concluding acclamation.
114:1|When Israel came out of Egypt,\nthe house of Jacob from a people of strange speech,|Preserves ancestral parallelism and linguistic estrangement.
114:2|Judah became his sanctuary,\nIsrael his domain.|Keeps sanctuary and rule as distinct metaphors.
114:3|The sea saw it and fled;\nthe Jordan turned back.|Preserves personified water reactions without specifying what was seen.
114:4|The mountains skipped like rams,\nthe hills like lambs.|Keeps differentiated terrain and animals.
114:5|What happened to you, sea, that you fled?\nAnd to you, Jordan, that you turned back?|Retains direct address and repeated questions.
114:6|Mountains, why did you skip like rams,\nand you hills, like lambs?|Carries the question into the repeated animal comparison.
114:7|Tremble, earth, before the Lord,\nbefore the God of Jacob,|Keeps the address and doubled divine presence.
114:8|who turns rock into a pool of water,\nflint into flowing springs.|Preserves both hard materials and transformed water forms.
115:1|Not to us, LORD, not to us,\nbut to your name give glory,\nbecause of your faithful love and faithfulness.|Retains emphatic repetition and both grounds for glory.
115:2|Why should the nations say,\n“Where is their God now?”|Preserves the taunt's question and now force.
115:3|Our God is in the heavens;\nhe does whatever he pleases.|Keeps heavenly location and freedom of action.
115:4|Their idols are silver and gold,\nthe work of human hands.|Retains precious materials and human manufacture.
115:5|They have mouths but cannot speak;\nthey have eyes but cannot see.|Preserves the first two repeated bodily contrasts.
115:6|They have ears but cannot hear;\nthey have noses but cannot smell.|Keeps the next two sensory failures.
115:7|They have hands but cannot feel,\nfeet but cannot walk;\nno sound comes from their throats.|Retains tactile, movement, and vocal incapacity.
115:8|Those who make them become like them,\nas does everyone who trusts in them.|Preserves the image-makers' and worshipers' shared fate.
115:9|Israel, trust in the LORD!\nHe is their help and their shield.|Keeps address followed by third-person response.
115:10|House of Aaron, trust in the LORD!\nHe is their help and their shield.|Preserves priestly address and identical response.
115:11|You who fear the LORD, trust in the LORD!\nHe is their help and their shield.|Keeps both LORD occurrences and the wider audience.
115:12|The LORD has remembered us; he will bless us.\nHe will bless the house of Israel;\nhe will bless the house of Aaron.|Retains repeated blessing and the two named houses.
115:13|He will bless those who fear the LORD,\nthe small together with the great.|Preserves inclusive social contrast without reducing it to age.
115:14|May the LORD make you increase,\nyou and your children.|Keeps repeated you and generational growth.
115:15|May you be blessed by the LORD,\nthe maker of heaven and earth.|Retains blessing grounded in the creator title.
115:16|The heavens belong to the LORD,\nbut the earth he has given to humanity.|Keeps the distribution of heavens and earth.
115:17|The dead do not praise YAH,\nnor do any who go down into silence.|Preserves the death/silence claim without importing later theology.
115:18|But we will bless YAH\nfrom now and forever.\nPraise YAH!|Keeps both short divine names and communal resolve.
116:1|I love the LORD, for he hears\nmy voice, my pleas for mercy.|Supplies the natural object of love from the following clause.
116:2|Because he has bent his ear toward me,\nI will call on him throughout my days.|Preserves bodily listening image and lifelong response.
116:3|The cords of death wrapped around me;\nthe anguish of Sheol overtook me.\nI found only trouble and sorrow.|Keeps cords, Sheol, and the three-part distress description.
116:4|Then I called on the name of the LORD:\n“Please, LORD, save my life!”|Retains repeated divine name and explicit life rescue.
116:5|The LORD is gracious and righteous;\nour God is compassionate.|Keeps all three attributes and communal our.
116:6|The LORD guards the inexperienced;\nwhen I was brought low, he saved me.|Renders simple as inexperienced rather than morally foolish.
116:7|Return to your rest, my soul,\nfor the LORD has dealt generously with you.|Preserves self-address and the reason for rest.
116:8|For you have rescued my life from death,\nmy eyes from tears,\nand my feet from stumbling.|Keeps the three bodily deliverances and shift to direct address.
116:9|I will walk before the LORD\nin the lands of the living.|Preserves walking and plural lands.
116:10|I kept trusting even when I said,\n“I am deeply afflicted,”|Takes the conjunction concessively while preserving belief amid speech.
116:11|when I said in my alarm,\n“Every human being is a liar.”|Keeps the sweeping cry located in the speaker's alarm.
116:12|What can I give back to the LORD\nfor all the good he has done for me?|Retains the repayment question and total benefits.
116:13|I will lift the cup of salvation\nand call on the name of the LORD.|Keeps ritual cup and invocation without defining an unstated rite.
116:14|I will fulfill my vows to the LORD\nin the presence of all his people.|Preserves public fulfillment and all the people.
116:15|Costly in the LORD’s eyes\nis the death of his faithful ones.|Renders precious as costly in the rescue context without making death desirable.
116:16|Please, LORD, I am your servant;\nI am your servant, the son of your female servant.\nYou have loosened my bonds.|Preserves repeated servant, maternal status, and released bonds.
116:17|I will offer you a sacrifice of thanksgiving\nand call on the name of the LORD.|Keeps sacrificial thanks and the repeated invocation.
116:18|I will fulfill my vows to the LORD\nin the presence of all his people,|Repeats verse 14 while carrying the location into verse 19.
116:19|in the courts of the LORD’s house,\nin your midst, Jerusalem.\nPraise YAH!|Preserves temple courts, direct address to city, and short name.
117:1|Praise the LORD, all nations;\nextol him, all peoples!|Keeps paired imperatives and universal audiences.
117:2|For his faithful love toward us is mighty,\nand the LORD’s faithfulness lasts forever.\nPraise YAH!|Retains mighty love toward us and enduring faithfulness.
118:1|Give thanks to the LORD, for he is good;\nhis faithful love lasts forever.|Maintains the shared opening and closing thanksgiving formula.
118:2|Let Israel say,\n“His faithful love lasts forever.”|Preserves the first group's response.
118:3|Let the house of Aaron say,\n“His faithful love lasts forever.”|Keeps priestly household and repeated response.
118:4|Let those who fear the LORD say,\n“His faithful love lasts forever.”|Preserves the third audience and unchanged response.
118:5|From a narrow place I called to YAH;\nYAH answered me with a wide-open place.|Keeps both short names and the spatial distress/deliverance contrast.
118:6|The LORD is for me; I will not fear.\nWhat can a human being do to me?|Preserves personal allegiance and rhetorical question.
118:7|The LORD is for me among my helpers;\nI will look in triumph on those who hate me.|Retains among my helpers and hostile observers' reversal.
118:8|It is better to take refuge in the LORD\nthan to trust in a human being.|Keeps refuge and trust as related but distinct verbs.
118:9|It is better to take refuge in the LORD\nthan to trust in nobles.|Preserves repeated first line and changed human object.
118:10|All nations surrounded me;\nin the name of the LORD I cut them off.|Keeps comprehensive foes and the force of the cutting verb.
118:11|They surrounded me, surrounded me on every side;\nin the name of the LORD I cut them off.|Retains intensified encirclement and exact repeated response.
118:12|They surrounded me like bees;\nthey went out like a fire of thorns.\nIn the name of the LORD I cut them off.|Keeps both swarm and quickly extinguished thorn-fire images.
118:13|You pushed me hard, to make me fall,\nbut the LORD helped me.|Preserves abrupt second-person attacker rather than silently pluralizing.
118:14|YAH is my strength and my song;\nhe has become my salvation.|Retains short divine name and traditional song reading with lexical note.
118:15|Shouts of joy and salvation rise from the tents of the righteous:\n“The LORD’s right hand acts valiantly!|Keeps audible celebration, tents, and opening of the quoted refrain.
118:16|The LORD’s right hand is lifted high!\nThe LORD’s right hand acts valiantly!”|Preserves both right-hand clauses and the repeated action.
118:17|I will not die; I will live\nand tell of YAH’s deeds.|Keeps the emphatic life/death contrast and testimony.
118:18|YAH disciplined me severely,\nbut he did not hand me over to death.|Preserves intensified discipline without making it lethal.
118:19|Open the gates of righteousness for me;\nI will enter through them and thank YAH.|Keeps gate image, entry, and short name.
118:20|This is the gate of the LORD;\nthe righteous may enter through it.|Preserves singular gate and qualified entry.
118:21|I thank you because you answered me\nand became my salvation.|Keeps direct thanksgiving and the repeated salvation claim.
118:22|The stone the builders rejected\nhas become the cornerstone.|Preserves rejection-to-prominence without adding a later identification.
118:23|This has come from the LORD;\nit is wonderful in our eyes.|Keeps divine origin and communal wonder.
118:24|This is the day the LORD has made;\nlet us rejoice and be glad in it.|Preserves the shared clear formulation and paired joy verbs.
118:25|Please, LORD, save us!\nPlease, LORD, grant us success!|Keeps both repeated pleas and distinct rescue/success requests.
118:26|Blessed is the one who comes in the name of the LORD.\nFrom the house of the LORD we bless you.|Preserves singular comer and plural recipients of priestly blessing.
118:27|The LORD is God, and he has given us light.\nBind the festival offering with cords,\nup to the horns of the altar.|Retains the difficult binding instruction and altar horns with alternatives noted.
118:28|You are my God, and I will thank you;\nmy God, I will exalt you.|Keeps repeated personal confession and two responses.
118:29|Give thanks to the LORD, for he is good;\nhis faithful love lasts forever.|Repeats the opening formula exactly.
119:1|Happy are those whose way is blameless,\nwho walk in the LORD’s instruction.|Keeps way/walk imagery and Torah as instruction.
119:2|Happy are those who keep his testimonies,\nwho seek him with their whole heart.|Preserves testimonies and wholehearted seeking.
119:3|They do no wrong;\nthey walk in his ways.|Keeps conduct and walking parallelism.
119:4|You have commanded that your precepts\nbe kept with great care.|Retains divine command and intensive observance.
119:5|If only my ways were firmly directed\ntoward keeping your decrees!|Preserves the wish rather than declaring achieved obedience.
119:6|Then I would not be ashamed\nas I attend to all your commands.|Keeps conditional shame and all commands.
119:7|I will thank you with an upright heart\nas I learn your righteous judgments.|Retains learning as the setting of praise.
119:8|I will keep your decrees;\ndo not abandon me completely.|Keeps resolve beside dependent petition.
119:9|How can a young man keep his path pure?\nBy guarding it according to your word.|Preserves the male youth and question-answer form.
119:10|I have sought you with my whole heart;\ndo not let me stray from your commands.|Keeps wholehearted search and feared wandering.
119:11|I have stored your utterance in my heart\nso that I may not sin against you.|Retains storing image and its stated purpose.
119:12|Blessed are you, LORD;\nteach me your decrees.|Keeps blessing joined to instruction request.
119:13|With my lips I recount\nall the judgments from your mouth.|Preserves speaker's lips and divine mouth.
119:14|I rejoice in the way of your testimonies\nas much as in all riches.|Retains path and wealth comparison.
119:15|I will ponder your precepts\nand attend to your paths.|Keeps meditation and attention as distinct acts.
119:16|I will delight in your decrees;\nI will not forget your word.|Retains delight and resolve to remember.
119:17|Deal generously with your servant,\nso I may live and keep your word.|Preserves life and obedience as linked aims.
119:18|Uncover my eyes, so I may see\nwonders in your instruction.|Keeps uncovering eyes rather than substituting abstract understanding.
119:19|I am a foreign resident on the earth;\ndo not hide your commands from me.|Retains alien status and hidden commands plea.
119:20|My whole being is worn down with longing\nfor your judgments at every moment.|Keeps crushing longing and continual duration.
119:21|You rebuke the arrogant, the accursed,\nwho stray from your commands.|Retains curse language and wandering conduct.
119:22|Roll scorn and contempt away from me,\nfor I have kept your testimonies.|Preserves rolling-away image and stated ground.
119:23|Even when rulers sit plotting against me,\nyour servant ponders your decrees.|Keeps seated rulers and servant's contrasting attention.
119:24|Your testimonies are my delight;\nthey are my counselors.|Preserves instruction personified as counselors.
119:25|My life clings to the dust;\nkeep me alive according to your word.|Retains dust/death image and life plea.
119:26|I told you of my ways, and you answered;\nteach me your decrees.|Keeps recounting, answer, and request sequence.
119:27|Help me understand the way of your precepts,\nand I will ponder your wonders.|Retains understanding leading to meditation.
119:28|My life drains away in sorrow;\nraise me up according to your word.|Keeps dripping/draining life and sustaining plea.
119:29|Keep the way of falsehood far from me;\ngrant me your instruction graciously.|Preserves false way and instruction as gracious gift.
119:30|I have chosen the way of faithfulness;\nI have set your judgments before me.|Keeps deliberate choice and focused judgments.
119:31|I cling to your testimonies, LORD;\ndo not let me be put to shame.|Echoes clinging in verse 25 with a changed object.
119:32|I run along the way of your commands,\nfor you give my heart room.|Preserves running and enlarged-heart image.
119:33|Teach me, LORD, the way of your decrees,\nand I will keep it to the end.|Retains path and enduring observance; end reading noted.
119:34|Give me understanding, and I will keep your instruction,\nguarding it with my whole heart.|Keeps understanding and wholehearted double observance.
119:35|Lead me along the path of your commands,\nfor that is where I delight.|Preserves guided path and delight as reason.
119:36|Bend my heart toward your testimonies,\nnot toward dishonest gain.|Keeps inward inclination and exploitative profit contrast.
119:37|Turn my eyes away from worthless things;\nkeep me alive in your way.|Preserves eyes and life in the divine way.
119:38|Confirm your promise to your servant,\nthe promise that calls forth fear of you.|Takes relative clause with promise; alternative servant attachment noted.
119:39|Turn away the disgrace I dread,\nfor your judgments are good.|Keeps feared disgrace and goodness of judgments.
119:40|See how I long for your precepts;\nkeep me alive in your righteousness.|Retains demonstrative plea and righteousness as basis.
119:41|Let your faithful love reach me, LORD,\nyour salvation according to your promise.|Keeps arriving love and parallel salvation.
119:42|Then I can answer the one who scorns me,\nfor I trust in your word.|Preserves verbal answer grounded in trust.
119:43|Do not strip the word of truth entirely from my mouth,\nfor I wait in hope for your judgment.|Keeps forceful removal image and hoped-for judgment.
119:44|I will keep your instruction continually,\nforever and ever.|Retains the accumulated duration expressions.
119:45|I will walk in a wide-open place,\nfor I have sought your precepts.|Preserves spacious walking image rather than only abstract freedom.
119:46|I will speak of your testimonies before kings\nand will not be ashamed.|Keeps royal audience and unashamed witness.
119:47|I delight in your commands,\nwhich I love.|Retains both delight and love without collapsing them.
119:48|I lift my hands toward your commands, which I love,\nand ponder your decrees.|Preserves unusual raised-hands object and distinct terms.
119:49|Remember the word to your servant\non which you made me hope.|Keeps divine initiation of hope.
119:50|This is my comfort in affliction:\nyour promise has kept me alive.|Preserves comfort's explicit explanation.
119:51|The arrogant mock me mercilessly,\nbut I do not turn aside from your instruction.|Keeps intensified ridicule and steady course.
119:52|I remember your judgments from long ago, LORD,\nand I find comfort.|Preserves ancient judgments as comfort's source.
119:53|Burning indignation seizes me\nbecause of the wicked who abandon your instruction.|Retains fierce emotion and its stated object.
119:54|Your decrees have become my songs\nwherever I live as a foreigner.|Keeps musical instruction and sojourning setting.
119:55|At night I remember your name, LORD,\nand keep your instruction.|Preserves nighttime remembrance and practice.
119:56|This has become mine:\nI keep your precepts.|Leaves this minimally resolved rather than inventing a reward.
119:57|The LORD is my portion;\nI have promised to keep your words.|Keeps portion metaphor and spoken commitment.
119:58|With my whole heart I seek your favor;\nbe gracious to me according to your promise.|Renders entreating the face as seeking favor.
119:59|I have considered my ways\nand turned my feet toward your testimonies.|Keeps reflection and bodily redirection.
119:60|I hurry and do not delay\nto keep your commands.|Retains positive and negative urgency.
119:61|The cords of the wicked entangle me,\nbut I do not forget your instruction.|Keeps binding image and resistance through memory.
119:62|At midnight I rise to thank you\nfor your righteous judgments.|Preserves exact time and reason for thanks.
119:63|I am a companion to all who fear you,\nto those who keep your precepts.|Keeps broad fellowship tied to fear and practice.
119:64|The earth is full of your faithful love, LORD;\nteach me your decrees.|Retains worldwide love beside personal teaching plea.
119:65|You have treated your servant well, LORD,\naccording to your word.|Keeps experienced goodness measured by word.
119:66|Teach me good judgment and knowledge,\nfor I trust your commands.|Renders good taste as discernment with knowledge distinct.
119:67|Before I was afflicted, I went astray;\nnow I keep your utterance.|Preserves the speaker's temporal contrast, not a universal rule.
119:68|You are good and you do good;\nteach me your decrees.|Keeps divine character and action separately.
119:69|The arrogant smear me with lies;\nI keep your precepts with my whole heart.|Preserves smearing image and wholehearted response.
119:70|Their hearts are thick as fat,\nbut I delight in your instruction.|Keeps the ancient fat-heart image with explanatory note.
119:71|It was good for me to be afflicted,\nso that I might learn your decrees.|Retains personal assessment and learning purpose.
119:72|Instruction from your mouth is better to me\nthan thousands of gold and silver pieces.|Preserves mouth and numerical wealth comparison.
119:73|Your hands made me and shaped me;\ngive me understanding so I may learn your commands.|Keeps creation's two verbs and dependent learning.
119:74|Those who fear you will see me and rejoice,\nbecause I have hoped in your word.|Preserves observers' joy and its stated cause.
119:75|I know, LORD, that your judgments are righteous\nand that in faithfulness you afflicted me.|Keeps direct divine agency in affliction.
119:76|Please let your faithful love comfort me,\naccording to your promise to your servant.|Preserves petition, promise, and servant relationship.
119:77|Let your compassion reach me so I may live,\nfor your instruction is my delight.|Keeps arriving compassion and life purpose.
119:78|Let the arrogant be ashamed, for they wronged me with lies;\nI will ponder your precepts.|Preserves wished-for shame and deceptive wrong.
119:79|Let those who fear you turn to me,\nthose who know your testimonies.|Follows the read form those who know rather than written they will know.
119:80|May my heart be blameless in your decrees,\nso that I will not be ashamed.|Keeps desired integrity and its purpose.
119:81|My whole being is worn out with longing for your salvation;\nI hope in your word.|Retains consuming longing alongside hope.
119:82|My eyes grow weary looking for your promise;\nI ask, “When will you comfort me?”|Preserves failing eyes and unanswered when.
119:83|Though I have become like a wineskin in smoke,\nI have not forgotten your decrees.|Keeps unfamiliar damaged-container image with vocabulary support.
119:84|How many days does your servant have?\nWhen will you judge those who pursue me?|Preserves mortality question and demand for judgment.
119:85|The arrogant have dug pits for me,\ncontrary to your instruction.|Keeps physical trap image and violation of instruction.
119:86|All your commands are faithful;\nthey pursue me with lies—help me!|Retains trustworthiness, unjust pursuit, and abrupt cry.
119:87|They nearly finished me off on earth,\nbut I did not abandon your precepts.|Keeps near destruction and refusal to forsake.
119:88|Keep me alive in your faithful love,\nand I will keep the testimony of your mouth.|Preserves singular testimony and divine mouth.
119:89|Forever, LORD,\nyour word stands firm in the heavens.|Keeps enduring heavenly stability.
119:90|Your faithfulness lasts from generation to generation;\nyou established the earth, and it stands.|Preserves generational fidelity and established earth.
119:91|They stand to this day according to your judgments,\nfor all things are your servants.|Keeps plural cosmic subject and universal service.
119:92|If your instruction had not been my delight,\nI would have perished in my affliction.|Preserves the counterfactual claim.
119:93|I will never forget your precepts,\nfor through them you have kept me alive.|Keeps lifelong remembrance grounded in life received.
119:94|I am yours; save me,\nfor I have sought your precepts.|Preserves belonging before the rescue plea.
119:95|The wicked lie in wait to destroy me,\nbut I attend to your testimonies.|Keeps lethal intent and contrasting attention.
119:96|I have seen a limit to every perfection,\nbut your command is exceedingly broad.|Preserves difficult perfection/limit contrast and spatial breadth.
119:97|How I love your instruction!\nIt occupies my thoughts all day.|Keeps exclamation and continual meditation.
119:98|Your command makes me wiser than my enemies,\nfor it is always with me.|Preserves singular command and comparative wisdom.
119:99|I have more insight than all my teachers,\nfor your testimonies occupy my thoughts.|Keeps bold comparison without softening its claim.
119:100|I understand more than the elders,\nbecause I keep your precepts.|Retains age-authority comparison grounded in practice.
119:101|I hold my feet back from every evil path\nso that I may keep your word.|Keeps bodily restraint and stated purpose.
119:102|I do not turn aside from your judgments,\nfor you yourself have taught me.|Preserves emphatic divine teacher.
119:103|How sweet your utterance is to my palate,\nsweeter than honey to my mouth!|Keeps taste organs and honey comparison.
119:104|Through your precepts I gain understanding;\ntherefore I hate every false path.|Preserves understanding's ethical consequence.
119:105|Your word is a lamp for my feet\nand a light for my path.|Retains clear shared imagery without forced novelty.
119:106|I have sworn an oath, and I will fulfill it:\nI will keep your righteous judgments.|Keeps oath and fulfillment distinct.
119:107|I am deeply afflicted;\nLORD, keep me alive according to your word.|Preserves intensified suffering and direct appeal.
119:108|Please accept the freewill offerings of my mouth, LORD,\nand teach me your judgments.|Keeps speech as voluntary sacrificial offering.
119:109|My life is always in my hand,\nbut I do not forget your instruction.|Preserves danger idiom literally with vocabulary explanation.
119:110|The wicked have laid a snare for me,\nbut I have not strayed from your precepts.|Keeps trap and wandering contrast.
119:111|I have taken your testimonies as my inheritance forever,\nfor they are my heart’s joy.|Preserves inheritance metaphor and enduring delight.
119:112|I incline my heart to carry out your decrees\nforever, to the end.|Keeps intentional inclination and doubled duration.
119:113|I hate the divided-hearted,\nbut I love your instruction.|Preserves the divided-person object and hate/love contrast.
119:114|You are my hiding place and my shield;\nI hope in your word.|Keeps both protective metaphors.
119:115|Leave me, you evildoers,\nso I may keep my God’s commands.|Preserves dismissal and personal God designation.
119:116|Support me according to your promise, so I may live;\ndo not let my hope end in shame.|Keeps support, life, and feared disappointed hope.
119:117|Hold me up, and I will be saved;\nI will attend to your decrees continually.|Retains dependent rescue and sustained attention.
119:118|You reject all who stray from your decrees,\nfor their deceit is falsehood.|Keeps rejection and the source's emphatic deceit/lie wording.
119:119|You remove all the wicked of the earth like dross;\ntherefore I love your testimonies.|Preserves metal-refining waste image and stated response.
119:120|My flesh shudders in dread of you;\nI fear your judgments.|Keeps bodily trembling and fear's divine object.
119:121|I have done what is just and right;\ndo not leave me to my oppressors.|Preserves claimed conduct and requested protection.
119:122|Stand as guarantor for your servant’s good;\ndo not let the arrogant oppress me.|Keeps legal surety image with vocabulary support.
119:123|My eyes grow weary looking for your salvation\nand for your righteous promise.|Retains exhausted watching and two awaited objects.
119:124|Treat your servant according to your faithful love,\nand teach me your decrees.|Keeps love as measure and servant's learning need.
119:125|I am your servant; give me understanding\nso that I may know your testimonies.|Preserves identity, requested capacity, and purpose.
119:126|It is time for the LORD to act;\nthey have broken your instruction.|Keeps third-person LORD then direct address; alternative syntax noted.
119:127|That is why I love your commands\nmore than gold, even pure gold.|Preserves inference and intensified gold comparison.
119:128|That is why I count all your precepts right in every matter;\nI hate every false path.|Retains awkward comprehensive wording rather than dropping its scope.
119:129|Your testimonies are wonderful;\nthat is why I keep them with my whole being.|Keeps wonder as reason for committed observance.
119:130|The opening of your words gives light;\nit gives understanding to the inexperienced.|Preserves opening/light image and teachable simple people.
119:131|I open my mouth and pant,\nso deeply do I long for your commands.|Keeps bodily desire image rather than abstract interest.
119:132|Turn toward me and be gracious to me,\nas is your way with those who love your name.|Renders judgment contextually as customary treatment.
119:133|Make my steps firm according to your promise;\ndo not let any wrongdoing rule over me.|Preserves steps and evil's dominion image.
119:134|Redeem me from human oppression,\nso I may keep your precepts.|Keeps redemption and human oppressors explicit.
119:135|Let your face shine on your servant,\nand teach me your decrees.|Preserves blessing's face-light image.
119:136|Streams of water run from my eyes\nbecause people do not keep your instruction.|Keeps tears as streams and the source of grief.
119:137|You are righteous, LORD,\nand your judgments are upright.|Preserves divine character and corresponding decisions.
119:138|You have commanded your testimonies in righteousness\nand in utter faithfulness.|Keeps command, righteousness, and intensified fidelity.
119:139|My zeal consumes me,\nbecause my foes have forgotten your words.|Preserves consuming zeal and enemies' forgetfulness.
119:140|Your promise has been thoroughly refined,\nand your servant loves it.|Keeps tested-metal image rather than ungrounded certainty language.
119:141|I am small and despised,\nbut I do not forget your precepts.|Retains low status and steadfast memory.
119:142|Your righteousness is righteous forever,\nand your instruction is truth.|Keeps deliberate repeated righteousness and truth assertion.
119:143|Trouble and distress have overtaken me,\nbut your commands are my delight.|Preserves paired pressures and contrasting delight.
119:144|Your testimonies are righteous forever;\ngive me understanding so I may live.|Keeps enduring rightness and life-seeking understanding.
119:145|I call with my whole heart; answer me, LORD.\nI will keep your decrees.|Retains wholehearted cry and resolve.
119:146|I call to you; save me,\nand I will keep your testimonies.|Preserves direct call followed by rescue and observance.
119:147|I rise before dawn and cry for help;\nI hope in your word.|Follows singular read form word and early rising.
119:148|My eyes are awake before the night watches,\nso I may ponder your promise.|Keeps watch periods and meditation's timing.
119:149|Hear my voice according to your faithful love;\nLORD, keep me alive according to your judgment.|Preserves parallel according-to grounds with distinct terms.
119:150|Those who pursue evil schemes draw near;\nthey are far from your instruction.|Keeps near/far contrast rather than only persecution.
119:151|You are near, LORD,\nand all your commands are truth.|Preserves divine nearness answering verse 150.
119:152|Long ago I learned from your testimonies\nthat you established them forever.|Keeps past learning and permanent establishment.
119:153|See my affliction and rescue me,\nfor I have not forgotten your instruction.|Preserves seeing as appeal and memory as ground.
119:154|Plead my case and redeem me;\nkeep me alive according to your promise.|Keeps legal advocacy, redemption, and life request.
119:155|Salvation is far from the wicked,\nfor they do not seek your decrees.|Preserves distance metaphor and stated reason.
119:156|Your compassion is abundant, LORD;\nkeep me alive according to your judgments.|Keeps plural judgments and abundant mercy.
119:157|My pursuers and foes are many,\nbut I do not turn aside from your testimonies.|Preserves numerous opponents and unchanged course.
119:158|I see the faithless and feel disgust,\nbecause they do not keep your utterance.|Retains strong revulsion rather than mild disappointment.
119:159|See how I love your precepts;\nLORD, keep me alive according to your faithful love.|Preserves seeing plea and love on both sides.
119:160|The sum of your word is truth;\nevery one of your righteous judgments lasts forever.|Takes head as sum with beginning alternative noted.
119:161|Rulers pursue me without cause,\nbut my heart trembles at your word.|Follows singular read form and contrasts human threat with divine awe.
119:162|I rejoice over your promise\nlike someone who finds great plunder.|Retains war-spoil comparison rather than generic treasure.
119:163|I hate and detest falsehood,\nbut I love your instruction.|Keeps doubled rejection opposite love.
119:164|Seven times a day I praise you\nfor your righteous judgments.|Preserves the explicit number seven.
119:165|Great peace belongs to those who love your instruction;\nnothing makes them stumble.|Keeps peace and obstacle-free walking claim.
119:166|I hope for your salvation, LORD,\nand carry out your commands.|Retains hope joined to action.
119:167|I keep your testimonies with my whole being;\nI love them deeply.|Keeps personal commitment and intensified love.
119:168|I keep your precepts and your testimonies,\nfor all my ways lie before you.|Preserves two instruction terms and divine visibility.
119:169|Let my cry come before you, LORD;\ngive me understanding according to your word.|Keeps approaching cry and word-grounded understanding.
119:170|Let my plea come before you;\nrescue me according to your promise.|Preserves parallel approach with rescue replacing understanding.
119:171|Let praise pour from my lips,\nfor you teach me your decrees.|Keeps bubbling speech image and divine teaching.
119:172|Let my tongue sing of your utterance,\nfor all your commands are righteous.|Preserves tongue's response and all commands.
119:173|Let your hand be ready to help me,\nfor I have chosen your precepts.|Keeps divine hand and deliberate choice.
119:174|I long for your salvation, LORD,\nand your instruction is my delight.|Preserves longing and delight at the close.
119:175|Let me live and praise you;\nlet your judgments help me.|Keeps life for praise and judgments as aid.
119:176|I have wandered like a lost sheep. Seek your servant,\nfor I have not forgotten your commands.|Preserves the unresolved lost-sheep ending beside remembered commands.
120:1|A song of ascents.\nIn my distress I called to the LORD,\nand he answered me.|Preserves collection title and answered cry.
120:2|LORD, rescue my life from lying lips,\nfrom a deceitful tongue.|Keeps life at risk and two speech organs.
120:3|What will he give you,\nand what more will he add, deceitful tongue?|Retains unanswered agent and direct address to tongue.
120:4|A warrior’s sharpened arrows,\nwith burning coals of broom wood!|Preserves weapon and intense-fuel images as the answer.
120:5|Woe to me, living as a foreigner in Meshech,\ndwelling among the tents of Kedar!|Keeps both distant peoples rather than inventing one location.
120:6|Too long have I lived\nwith those who hate peace.|Retains weary duration and peace-haters.
120:7|I am for peace,\nbut when I speak, they are for war.|Preserves compressed identity and hostile response.
121:1|A song for ascents.\nI lift my eyes toward the mountains.\nWhere will my help come from?|Keeps the title's preposition and genuine question.
121:2|My help comes from the LORD,\nthe maker of heaven and earth.|Retains creator identification as answer.
121:3|May he not let your foot slip;\nmay your guardian not doze.|Preserves the wish form before verse 4's assurance.
121:4|Look: Israel’s guardian\nneither dozes nor sleeps.|Keeps both sleep verbs and named community.
121:5|The LORD is your guardian;\nthe LORD is your shade at your right hand.|Retains repeated name and shade beside the body.
121:6|The sun will not strike you by day,\nnor the moon by night.|Preserves ancient paired hazards without rationalizing moonlight.
121:7|The LORD will guard you from all harm;\nhe will guard your life.|Keeps guard repetition and comprehensive claim.
121:8|The LORD will guard your going out and coming in,\nfrom now and forever.|Preserves daily movement pair and temporal span.
122:1|A song of ascents. Of David.\nI rejoiced when they said to me,\n“Let us go to the house of the LORD.”|Keeps David title and quoted invitation.
122:2|Our feet are standing\ninside your gates, Jerusalem.|Preserves communal arrival and address to city.
122:3|Jerusalem, built as a city\njoined firmly together,|Keeps compact construction image open to social resonance.
122:4|there the tribes go up, the tribes of YAH,\nas a testimony ordained for Israel,\nto thank the name of the LORD.|Preserves both divine-name forms and testimony obligation.
122:5|For there stand thrones of judgment,\nthe thrones of the house of David.|Keeps plural judicial seats and royal house.
122:6|Ask for Jerusalem’s peace:\n“May those who love you be secure.|Retains peace and security as related terms.
122:7|May peace be within your ramparts,\nsecurity within your palaces.”|Preserves defensive and royal structures.
122:8|For the sake of my brothers and companions,\nI will say, “Peace be within you.”|Keeps kin and companion categories and spoken blessing.
122:9|For the sake of the house of the LORD our God,\nI will seek your good.|Preserves repeated for-the-sake and active pursuit.
123:1|A song of ascents.\nTo you I lift my eyes,\nyou who are enthroned in the heavens.|Keeps upward gaze and heavenly enthronement.
123:2|As the eyes of slaves look to their masters’ hand,\nas a female slave looks to her mistress’s hand,\nso our eyes look to the LORD our God\nuntil he shows us favor.|Preserves enslaved relationships, both genders, and repeated hands.
123:3|Show us favor, LORD, show us favor,\nfor we have had more than enough contempt.|Keeps repeated plea and satiety image.
123:4|We have had more than enough\nof the mockery of the complacent, the contempt of the proud.|Retains two oppressor descriptions and repeated excess.
124:1|A song of ascents. Of David.\nIf the LORD had not been for us—\nlet Israel say it—|Preserves interrupted communal prompt and unfinished condition.
124:2|if the LORD had not been for us\nwhen people rose against us,|Repeats condition before naming human attackers.
124:3|they would have swallowed us alive\nwhen their anger burned against us.|Keeps live swallowing and burning anger.
124:4|The waters would have swept us away;\nthe torrent would have passed over our lives.|Preserves two flood descriptions and threatened life.
124:5|The raging waters\nwould have passed over our lives.|Keeps repeated passing-over and intensified waters.
124:6|Blessed be the LORD,\nwho did not give us as prey to their teeth.|Retains predator image and withheld surrender.
124:7|We escaped like a bird from the hunters’ trap.\nThe trap broke, and we escaped.|Preserves bird comparison and repeated escape.
124:8|Our help is in the name of the LORD,\nthe maker of heaven and earth.|Keeps communal help and creator formula.
125:1|A song of ascents.\nThose who trust in the LORD are like Mount Zion,\nwhich cannot be shaken but stands forever.|Preserves mountain comparison and enduring stability.
125:2|Mountains surround Jerusalem;\nso the LORD surrounds his people,\nfrom now and forever.|Keeps geographic protection and repeated surrounding.
125:3|The scepter of wickedness will not rest\non the land allotted to the righteous,\nso that the righteous will not reach out their hands to do wrong.|Preserves oppressive rule, allotment, and moral danger.
125:4|Do good, LORD, to those who are good,\nto those whose hearts are upright.|Keeps repeated good and inward uprightness.
125:5|But those who turn onto crooked paths—\nmay the LORD lead them away with evildoers.\nPeace be upon Israel!|Retains punitive wish before final peace blessing.
126:1|A song of ascents.\nWhen the LORD restored Zion’s fortunes,\nwe were like people dreaming.|Keeps past restoration and dream comparison.
126:2|Then our mouths filled with laughter\nand our tongues with joyful shouts.\nThen the nations said,\n“The LORD has done great things for them.”|Preserves doubled then and outsiders' recognition.
126:3|The LORD has done great things for us,\nand we rejoiced.|Keeps the shift from their report to our confession.
126:4|Restore our fortunes, LORD,\nlike streams in the Negev.|Retains renewed petition beside past restoration and southern drylands.
126:5|Those who sow in tears\nwill reap with joyful shouts.|Keeps agricultural and emotional reversal.
126:6|The one who goes out weeping, carrying seed to sow,\nwill surely return with joyful shouts, carrying his sheaves.|Preserves emphatic return and paired carrying images.
127:1|A song of ascents. Of Solomon.\nUnless the LORD builds the house,\nits builders labor in vain.\nUnless the LORD guards the city,\nthe guard keeps watch in vain.|Preserves attribution and both repeated conditions.
127:2|In vain you rise early and stay up late,\neating the bread of painful toil;\nhe gives sleep to the one he loves.|Keeps anxious labor and sleep reading; while-asleep alternative noted.
127:3|Look: sons are an inheritance from the LORD;\nthe fruit of the womb is a reward.|Preserves male children in the warrior-household context.
127:4|Like arrows in a warrior’s hand\nare sons born in one’s youth.|Keeps military comparison and father's youth.
127:5|Happy is the man whose quiver is full of them.\nThey will not be ashamed\nwhen they speak with enemies at the gate.|Preserves man, plural they, and civic gate confrontation.
128:1|A song of ascents.\nHappy is everyone who fears the LORD,\nwho walks in his ways.|Keeps inclusive opening and way imagery.
128:2|You will eat what your hands have worked for;\nyou will be happy, and it will go well for you.|Preserves labor's enjoyed produce and double blessing.
128:3|Your wife will be like a fruitful vine within your house;\nyour children like olive shoots around your table.|Keeps gendered spouse and two agricultural family images.
128:4|Look: this is how the man\nwho fears the LORD is blessed.|Preserves male household exemplar and fear.
128:5|May the LORD bless you from Zion;\nmay you see Jerusalem prosper all your life.|Keeps source of blessing and lifelong civic good.
128:6|May you see your children’s children.\nPeace be upon Israel!|Retains generational wish and communal conclusion.
129:1|A song of ascents.\n“They have oppressed me greatly from my youth”—\nlet Israel say it—|Preserves communal first-person memory and spoken prompt.
129:2|“They have oppressed me greatly from my youth,\nbut they have not overcome me.|Keeps exact repeated suffering before resistance.
129:3|Plowers plowed across my back;\nthey made their furrow long.”|Follows singular read form furrow and retains bodily violence.
129:4|The LORD is righteous;\nhe has cut the cords of the wicked.|Keeps righteousness shown through severed bonds.
129:5|May all who hate Zion\nbe ashamed and driven back.|Preserves wish against a specified group.
129:6|May they be like grass on rooftops,\nwhich dries up before it can be pulled,|Keeps thin-soil image and uncertain pulling verb with note.
129:7|which never fills the reaper’s hand\nor the sheaf-binder’s arms.|Retains the two empty harvest gestures.
129:8|May passersby never say,\n“The LORD’s blessing be upon you;\nwe bless you in the name of the LORD.”|Preserves withheld harvest blessing and both divine names.
130:1|A song of ascents.\nFrom the depths I call to you, LORD.|Keeps depth image without inventing its cause.
130:2|Lord, hear my voice;\nlet your ears attend to my pleas for mercy.|Preserves Adonai and listening anatomy.
130:3|If you kept account of wrongs, YAH,\nLord, who could stand?|Keeps both divine titles and judicial standing question.
130:4|But forgiveness is with you,\nso that you may be feared.|Retains surprising forgiveness-to-fear purpose.
130:5|I wait for the LORD; my whole being waits,\nand I hope in his word.|Keeps intensified waiting and hope.
130:6|My whole being waits for the Lord\nmore than watchmen for morning,\nmore than watchmen for morning.|Preserves deliberate repeated comparison.
130:7|Israel, hope in the LORD,\nfor with the LORD is faithful love,\nand with him is abundant redemption.|Keeps repeated divine name and with-him structure.
130:8|He himself will redeem Israel\nfrom all its wrongs.|Preserves emphatic agent and comprehensive redemption.
131:1|A song of ascents. Of David.\nLORD, my heart is not proud and my eyes are not haughty.\nI do not occupy myself with things too great\nor with wonders beyond me.|Keeps heart/eyes and restraint about inaccessible matters.
131:2|Surely I have calmed and quieted my soul,\nlike a weaned child against its mother;\nlike a weaned child, my soul rests against me.|Retains weaned child and unusual inward self-comparison.
131:3|Israel, hope in the LORD\nfrom now and forever.|Keeps communal invitation following personal quiet.
132:1|A song of ascents.\nLORD, remember David\nand all the hardship he endured,|Preserves memory plea and affliction rather than assumed humility.
132:2|how he swore to the LORD\nand vowed to the Mighty One of Jacob:|Keeps oath, vow, and ancestral divine title.
132:3|“I will not enter my house\nor climb into my bed;|Renders oath's conditional negatives as firm refusal.
132:4|I will not give sleep to my eyes\nor slumber to my eyelids,|Keeps paired bodily sleep images.
132:5|until I find a place for the LORD,\na dwelling for the Mighty One of Jacob.”|Preserves endpoint and repeated ancestral title.
132:6|We heard of it in Ephrathah;\nwe found it in the fields of Jaar.|Retains ambiguous it and both place names.
132:7|Let us enter his dwelling;\nlet us bow down at his footstool.|Keeps communal movement and throne imagery.
132:8|Rise, LORD, to your resting place,\nyou and the ark of your strength.|Preserves divine movement with the ark.
132:9|Let your priests be clothed with righteousness;\nlet your faithful ones shout for joy.|Keeps clothing metaphor and worshipers' response.
132:10|For the sake of David your servant,\ndo not turn away the face of your anointed one.|Preserves face-turning rejection image and unnamed anointed king.
132:11|The LORD swore a true oath to David\nand will not turn back from it:\n“I will set one of your own offspring on your throne.|Keeps binding oath and bodily descent without naming successor.
132:12|If your sons keep my covenant\nand the testimonies I teach them,\ntheir sons too will sit on your throne forever.”|Preserves explicit condition and multigenerational promise.
132:13|For the LORD has chosen Zion;\nhe has desired it as his dwelling:|Keeps choice and desire introducing divine speech.
132:14|“This is my resting place forever;\nhere I will dwell, for I have desired it.|Retains first-person declaration and repeated desire.
132:15|I will richly bless its provisions;\nI will satisfy its needy people with bread.|Keeps intensified blessing and material food for poor.
132:16|I will clothe its priests with salvation,\nand its faithful ones will shout aloud for joy.|Preserves changed clothing term from verse 9 and intensified joy.
132:17|There I will make a horn sprout for David;\nI have prepared a lamp for my anointed one.|Keeps both dynastic images without flattening them into power.
132:18|I will clothe his enemies with shame,\nbut his crown will blossom upon him.”|Preserves clothing reversal and growing crown image.
133:1|A song of ascents. Of David.\nLook how good and pleasant it is\nwhen brothers dwell together!|Keeps kinship and shared dwelling without adding an abstract unity noun.
133:2|It is like fine oil on the head,\nrunning down the beard, Aaron’s beard,\nrunning down to the collar of his robes.|Preserves repeated downward flow and named priest.
133:3|It is like the dew of Hermon\nrunning down on the mountains of Zion.\nFor there the LORD commanded the blessing:\nlife forever.|Keeps poetic geography, repeated descent, and life blessing.
134:1|A song of ascents.\nCome, bless the LORD, all you servants of the LORD\nwho stand in the house of the LORD through the nights.|Preserves three LORD occurrences and night service.
134:2|Lift your hands toward the sanctuary\nand bless the LORD.|Takes holy place direction while noting holiness alternative.
134:3|May the LORD, the maker of heaven and earth,\nbless you from Zion.|Keeps singular recipient and creator's blessing.
135:1|Praise YAH!\nPraise the name of the LORD;\npraise him, servants of the LORD,|Keeps three calls and both divine-name forms.
135:2|you who stand in the house of the LORD,\nin the courts of the house of our God.|Preserves worshipers' location and communal our.
135:3|Praise YAH, for the LORD is good;\nmake music for his name, for it is pleasant.|Keeps short name and pleasant praise/name ambiguity.
135:4|For YAH has chosen Jacob for himself,\nIsrael as his treasured possession.|Preserves choice, parallel names, and possession term.
135:5|I know that the LORD is great,\nthat our Lord is above all gods.|Keeps personal knowledge and explicit comparison with gods.
135:6|Whatever the LORD pleases, he does,\nin heaven and on earth,\nin the seas and all the depths.|Preserves all four cosmic domains.
135:7|He raises clouds from the ends of the earth;\nhe makes lightning for the rain\nand brings wind out of his storehouses.|Keeps weather sequence and ancient storehouse image.
135:8|He struck down Egypt’s firstborn,\nboth human and animal.|Preserves death and both victim categories.
135:9|He sent signs and wonders into your midst, Egypt,\nagainst Pharaoh and all his servants.|Keeps direct address to Egypt and named targets.
135:10|He struck many nations\nand killed mighty kings:|Preserves explicit killing and introduction to list.
135:11|Sihon king of the Amorites,\nOg king of Bashan,\nand all the kingdoms of Canaan.|Keeps names, titles, and comprehensive kingdoms.
135:12|He gave their land as an inheritance,\nan inheritance to Israel his people.|Preserves repeated inheritance and recipient.
135:13|LORD, your name lasts forever;\nLORD, your remembrance lasts through every generation.|Keeps both addresses and name/remembrance parallel.
135:14|For the LORD will vindicate his people\nand relent toward his servants.|Renders judgment as vindication while retaining relenting.
135:15|The nations’ idols are silver and gold,\nthe work of human hands.|Keeps materials and human manufacture consistent with Psalm 115.
135:16|They have mouths but cannot speak;\nthey have eyes but cannot see.|Preserves the repeated idol critique.
135:17|They have ears but cannot listen;\nthere is not even breath in their mouths.|Keeps this psalm's breath clause rather than importing Psalm 115's nose.
135:18|Those who make them become like them,\nas does everyone who trusts in them.|Preserves the shared warning of resemblance.
135:19|House of Israel, bless the LORD!\nHouse of Aaron, bless the LORD!|Keeps two named groups and repeated blessing.
135:20|House of Levi, bless the LORD!\nYou who fear the LORD, bless the LORD!|Preserves added Levitical house and three name occurrences.
135:21|Blessed from Zion be the LORD,\nwho dwells in Jerusalem.\nPraise YAH!|Keeps Zion/Jerusalem and final short-name praise.
136:1|Give thanks to the LORD, for he is good;\nhis faithful love lasts forever.|Establishes the refrain that remains in every verse.
136:2|Give thanks to the God of gods;\nhis faithful love lasts forever.|Preserves superlative title and full refrain.
136:3|Give thanks to the Lord of lords;\nhis faithful love lasts forever.|Keeps lord title distinct from YHWH.
136:4|To him who alone does great wonders—\nhis faithful love lasts forever.|Carries thanksgiving syntax into sole wonder-worker.
136:5|who made the heavens with understanding—\nhis faithful love lasts forever.|Preserves creation by understanding and refrain.
136:6|who spread the earth over the waters—\nhis faithful love lasts forever.|Keeps ancient earth-over-waters image.
136:7|who made the great lights—\nhis faithful love lasts forever.|Preserves plural lights introducing next two verses.
136:8|the sun to rule by day—\nhis faithful love lasts forever.|Keeps daytime dominion and refrain.
136:9|the moon and stars to rule by night—\nhis faithful love lasts forever.|Retains both nocturnal lights and rule.
136:10|To him who struck Egypt through its firstborn—\nhis faithful love lasts forever.|Keeps the lethal historical act alongside the unchanged refrain.
136:11|and brought Israel out from among them—\nhis faithful love lasts forever.|Preserves exodus movement and population distinction.
136:12|with a strong hand and an outstretched arm—\nhis faithful love lasts forever.|Keeps paired bodily power images.
136:13|To him who cut the Sea of Reeds into parts—\nhis faithful love lasts forever.|Preserves cutting imagery and Hebrew sea designation.
136:14|and brought Israel through its midst—\nhis faithful love lasts forever.|Keeps passage through the sea, not around it.
136:15|but shook Pharaoh and his army into the Sea of Reeds—\nhis faithful love lasts forever.|Preserves shaking verb and destructive contrast.
136:16|To him who led his people through the wilderness—\nhis faithful love lasts forever.|Keeps wilderness guidance and full refrain.
136:17|who struck down great kings—\nhis faithful love lasts forever.|Preserves royal victims and striking verb.
136:18|and killed mighty kings—\nhis faithful love lasts forever.|Keeps explicit killing distinct from verse 17.
136:19|Sihon king of the Amorites—\nhis faithful love lasts forever.|Preserves the first king and people.
136:20|and Og king of Bashan—\nhis faithful love lasts forever.|Preserves the second king and territory.
136:21|and gave their land as an inheritance—\nhis faithful love lasts forever.|Keeps dispossession and inherited territory.
136:22|an inheritance to Israel his servant—\nhis faithful love lasts forever.|Preserves repeated inheritance and servant designation.
136:23|He remembered us when we were brought low;\nhis faithful love lasts forever.|Keeps shift to first-person communal memory.
136:24|he tore us free from our foes;\nhis faithful love lasts forever.|Retains force of liberating verb.
136:25|He gives food to all flesh;\nhis faithful love lasts forever.|Preserves all flesh, including nonhuman creatures.
136:26|Give thanks to the God of heaven;\nhis faithful love lasts forever.|Keeps closing invitation and final complete refrain.
137:1|By Babylon’s rivers we sat down and wept\nwhen we remembered Zion.|Preserves exile setting and memory-triggered grief.
137:2|On the poplars there\nwe hung our lyres.|Keeps hanging instruments and tree identification with alternative noted.
137:3|For there our captors demanded songs,\nour tormentors demanded joy:\n“Sing us one of Zion’s songs!”|Preserves coercive demand rather than voluntary performance.
137:4|How can we sing the LORD’s song\non foreign soil?|Keeps anguished question and territorial estrangement.
137:5|If I forget you, Jerusalem,\nlet my right hand forget its skill.|Supplies implied skill without replacing the source's forget verb.
137:6|Let my tongue stick to the roof of my mouth\nif I do not remember you,\nif I do not place Jerusalem above my greatest joy.|Keeps bodily self-curse and repeated conditions.
137:7|LORD, remember what the Edomites did on Jerusalem’s day,\nhow they said, “Strip it bare! Strip it bare,\nright down to its foundation!”|Preserves repeated destructive cry and named participants.
137:8|Daughter Babylon, doomed to devastation,\nhappy is the one who repays you\nfor what you did to us.|Keeps passive devastation reading and retaliatory blessing.
137:9|Happy is the one who seizes your little children\nand smashes them against the rock.|Preserves the actual violent wish against children without euphemism or endorsement.
138:1|Of David.\nI will thank you with my whole heart;\nbefore the gods I will make music for you.|Preserves title and elohim as gods with alternatives noted.
138:2|I will bow toward your holy temple\nand thank your name for your faithful love and faithfulness,\nfor you have exalted your utterance above all that your name proclaims.|Keeps the utterance above the name while unpacking name as what it proclaims; literal wording is recorded in the note.
138:3|On the day I called, you answered me;\nyou made me bold with strength within.|Keeps answered call and inward strengthening.
138:4|All the kings of the earth will thank you, LORD,\nwhen they hear the utterances of your mouth.|Preserves universal kings and divine mouth.
138:5|They will sing of the LORD’s ways,\nfor the LORD’s glory is great.|Keeps repeated name and greatness as cause.
138:6|Though the LORD is high, he sees the lowly;\nthe proud he knows from far away.|Preserves high/low contrast and distant knowledge.
138:7|Though I walk amid trouble, you keep me alive.\nYou stretch out your hand against my enemies’ anger,\nand your right hand saves me.|Keeps trouble, anger, and distinct hand clauses.
138:8|The LORD will bring to completion what concerns me.\nLORD, your faithful love lasts forever;\ndo not abandon the work of your hands.|Preserves open-ended completion and dependent final plea.
139:1|For the music director. Of David. A psalm.\nLORD, you have searched me and known me.|Keeps inline title and searched/known pair.
139:2|You know when I sit and when I rise;\nyou discern my thoughts from far away.|Preserves daily movements and remote understanding.
139:3|You sift my traveling and my lying down;\nyou are familiar with all my ways.|Keeps searching/sifting image and both activity states.
139:4|Before a word is on my tongue,\nyou, LORD, already know it all.|Preserves pre-speech knowledge and emphatic all.
139:5|You hem me in behind and before\nand lay your hand upon me.|Keeps potentially protective or confining image without deciding its emotion.
139:6|Such knowledge is too wonderful for me,\ntoo high for me to reach.|Follows read form and preserves inaccessible height.
139:7|Where could I go from your spirit?\nWhere could I flee from your presence?|Keeps spirit and face/presence as parallel terms.
139:8|If I climb to heaven, you are there;\nif I make my bed in Sheol, there you are.|Preserves both vertical extremes and explicit Sheol.
139:9|If I take the wings of dawn\nand settle at the farthest edge of the sea,|Keeps east-west poetic travel rather than abstract everywhere.
139:10|even there your hand will lead me,\nand your right hand will hold me fast.|Preserves guidance and firm grasp separately.
139:11|If I say, “Surely darkness will cover me,\nand the light around me will become night,”|Keeps hypothetical concealment and light's reversal.
139:12|even darkness is not dark to you;\nnight shines like day.\nDarkness and light are alike to you.|Preserves threefold reversal of expected concealment.
139:13|For you formed my kidneys;\nyou wove me together in my mother’s womb.|Keeps named bodily organ and weaving image with vocabulary support.
139:14|I thank you because I am awesomely set apart.\nYour works are wonderful;\nI know it deep within.|Preserves distinguished/set-apart verb rather than silently replacing it with made.
139:15|My frame was not hidden from you\nwhen I was made in secret,\nembroidered in the depths of the earth.|Keeps bodily frame and subterranean textile imagery without literalizing location.
139:16|Your eyes saw my unformed body.\nIn your book all the days fashioned for me were written,\nwhen not one of them yet existed.|Explicitly chooses written negative; divergent read form and syntax recorded in note.
139:17|How precious your thoughts are to me, God!\nHow vast is their sum!|Takes thoughts rather than friends and retains numerical vastness.
139:18|If I counted them, they would outnumber the sand.\nWhen I awake, I am still with you.|Preserves sand comparison and waking, without asserting resurrection.
139:19|If only you would kill the wicked, God!\nYou men of bloodshed, leave me!|Keeps abrupt death wish and addressed violent men.
139:20|They speak of you with evil intent;\nyour enemies take your name in vain.|Supplies name for compressed taking-in-vain clause with textual difficulty noted.
139:21|Do I not hate those who hate you, LORD,\nand loathe those who rise against you?|Preserves hatred and disgust as the speaker's claims.
139:22|I hate them with complete hatred;\nthey have become my enemies.|Keeps emphatic total hatred without softening to disagreement.
139:23|Search me, God, and know my heart;\ntest me and know my troubling thoughts.|Preserves return to searching and inner anxiety.
139:24|See whether there is a hurtful way in me,\nand lead me in the everlasting way.|Keeps possible painful/idolatrous way ambiguity in note and final guidance plea.
140:1|For the music director. A psalm of David.\nRescue me, LORD, from evil people;\nguard me from violent men,|Binds separate title and first body record while retaining violent male agents.
140:2|who devise evil in their hearts\nand stir up battles all day.|Keeps inward planning and continuous conflict.
140:3|They sharpen their tongues like snakes;\nviper’s venom is under their lips. Selah.|Preserves two poisonous speech images and source marker.
140:4|Keep me, LORD, from the hands of the wicked;\nguard me from violent men\nwho plan to trip my steps.|Keeps hands, violent men, and deliberate stumbling.
140:5|The arrogant have hidden a trap and cords for me;\nthey spread a net beside the path\nand set snares for me. Selah.|Preserves multiple hunting devices and marker.
140:6|I say to the LORD, “You are my God.”\nListen, LORD, to my pleas for mercy.|Keeps both LORD occurrences and direct profession.
140:7|LORD, my Lord, strength of my salvation,\nyou shield my head on the day of battle.|Preserves two divine names and protected head.
140:8|Do not grant the wicked their desires, LORD;\ndo not let their scheme succeed, or they will rise high. Selah.|Retains difficult rise clause as consequence and marker.
140:9|As for the heads of those surrounding me,\nlet the harm from their lips cover them.|Follows singular read-form verb and retains head-covering reversal.
140:10|Let burning coals fall on them;\nlet him cast them into fire,\ninto deep pits from which they cannot rise.|Follows read-form fall and preserves unnamed he and irreversible punishment.
140:11|Let the slanderer gain no foothold in the land;\nlet evil hunt the violent man down to his ruin.|Keeps tongue-man idiom and evil as hunter.
140:12|I know the LORD will uphold the cause of the afflicted\nand justice for the needy.|Follows first-person read form and preserves judicial support.
140:13|Surely the righteous will thank your name;\nthe upright will dwell in your presence.|Keeps thanks and dwelling before God.
141:1|A psalm of David.\nLORD, I call to you; hurry to me.\nListen to my voice when I call to you.|Preserves title and repeated call with urgency.
141:2|Let my prayer stand before you like incense,\nmy lifted hands like the evening offering.|Keeps two worship comparisons and evening time.
141:3|Set a guard over my mouth, LORD;\nkeep watch at the door of my lips.|Preserves guard and doorway images.
141:4|Do not incline my heart toward anything evil,\nto take part in wicked deeds with evildoers;\ndo not let me eat their delicacies.|Keeps inward, active, and dining temptations distinct.
141:5|Let a righteous person strike me—it is faithful love;\nlet him correct me—it is oil on my head.\nLet my head not refuse it,\nfor my prayer is still against their evil deeds.|Preserves difficult correction/oil sequence and uncertain final attachment in note.
141:6|When their judges are thrown down along the sides of a cliff,\nthey will hear my words, for they are pleasant.|Retains violent obscure clause without inventing a narrative referent.
141:7|As when someone plows and breaks up the earth,\nour bones are scattered at the mouth of Sheol.|Keeps first-person plural bones and agricultural death image.
141:8|But my eyes are toward you, LORD, my Lord;\nin you I take refuge. Do not pour out my life.|Preserves both names and pouring-out death plea.
141:9|Keep me from the grip of the trap they have laid for me,\nfrom the snares of evildoers.|Keeps trap's hand/grip and plural snares.
141:10|Let the wicked fall together into their nets\nwhile I pass through.|Retains collective fall and speaker's passage, with pronoun uncertainty noted.
142:1|A maskil of David, when he was in the cave. A prayer.\nWith my voice I cry to the LORD;\nwith my voice I plead with the LORD.|Binds separate title and first body record, retaining cave and repeated voice/name.
142:2|I pour out my complaint before him;\nI tell my trouble before him.|Preserves doubled before-him and pouring image.
142:3|When my spirit grows faint within me,\nyou yourself know my path.\nOn the road I walk, they have hidden a trap for me.|Keeps divine knowledge amid weakness and hidden danger.
142:4|Look to my right and see:\nno one acknowledges me.\nNo refuge remains for me; no one cares for my life.|Preserves imperative, right side, and repeated abandonment.
142:5|I cry to you, LORD;\nI say, “You are my refuge,\nmy portion in the land of the living.”|Keeps refuge and inheritance metaphors within living land.
142:6|Attend to my cry, for I am brought very low.\nRescue me from my pursuers,\nfor they are stronger than I am.|Preserves both reasons for urgent rescue.
142:7|Bring my life out of confinement so I may thank your name.\nThe righteous will gather around me,\nfor you will deal generously with me.|Keeps confinement image without assuming a literal jail.
143:1|A psalm of David.\nLORD, hear my prayer; listen to my pleas.\nIn your faithfulness answer me, in your righteousness.|Preserves title and paired appeals grounded in divine attributes.
143:2|Do not enter into judgment with your servant,\nfor no living person is righteous before you.|Keeps judicial plea and universal living-person claim.
143:3|The enemy pursues my life;\nhe crushes me to the ground\nand makes me dwell in darkness like those long dead.|Preserves violent pursuit and prolonged-death comparison.
143:4|My spirit grows faint within me;\nmy heart is appalled inside me.|Keeps two inward organs and distinct distress terms.
143:5|I remember the days of old;\nI meditate on all you have done\nand ponder the work of your hands.|Preserves remembrance and two reflection verbs.
143:6|I spread my hands toward you;\nmy whole being thirsts for you like parched land. Selah.|Keeps bodily gesture, dry-earth comparison, and marker.
143:7|Answer me quickly, LORD; my spirit is failing.\nDo not hide your face from me,\nor I will become like those who go down to the Pit.|Preserves urgency, hidden face, and underworld comparison.
143:8|Let me hear your faithful love in the morning, for I trust in you.\nMake known the way I should walk,\nfor to you I lift my whole being.|Keeps morning hearing, path guidance, and lifted life.
143:9|Rescue me from my enemies, LORD;\nto you I flee for shelter.|Renders difficult covered-to-you expression as seeking shelter with note.
143:10|Teach me to do your will, for you are my God.\nLet your good spirit lead me on level ground.|Keeps obedience request and spatial guidance image.
143:11|For your name’s sake, LORD, keep me alive;\nin your righteousness bring my life out of trouble.|Preserves name and righteousness as parallel grounds.
143:12|In your faithful love, put an end to my enemies;\ndestroy all who afflict my life,\nfor I am your servant.|Keeps lethal petition and servant rationale without softening.
144:1|Of David.\nBlessed be the LORD, my rock,\nwho trains my hands for battle, my fingers for war.|Preserves title and actual martial training.
144:2|He is my faithful love and my fortress,\nmy stronghold and my deliverer,\nmy shield, in whom I take refuge,\nwho subdues my people under me.|Keeps stacked metaphors and singular my people of the pinned text.
144:3|LORD, what is a human being that you know him,\na mortal that you take account of him?|Preserves parallel human frailty and divine attention.
144:4|A human being is like a breath;\nhis days are like a passing shadow.|Keeps two transience images.
144:5|LORD, bend your heavens and come down;\ntouch the mountains so they smoke.|Preserves cosmic descent and smoking touch.
144:6|Flash lightning and scatter them;\nsend your arrows and throw them into confusion.|Keeps divine weapons and two hostile outcomes.
144:7|Stretch your hands down from on high;\nfree me and rescue me from mighty waters,\nfrom the hand of foreigners,|Preserves divine hands, drowning image, and human hand.
144:8|whose mouths speak falsehood\nand whose right hand is a hand of lies.|Keeps mouth and oath-hand imagery without adding an explicit oath.
144:9|God, I will sing you a new song;\non a ten-stringed harp I will make music for you,|Preserves new song and exact instrument-string count.
144:10|you who give kings victory,\nwho free David your servant from the deadly sword.|Keeps royal rescue and David's explicit third-person name.
144:11|Free me and rescue me from the hand of foreigners,\nwhose mouths speak falsehood\nand whose right hand is a hand of lies.|Preserves the repeated appeal and description of verses 7–8.
144:12|May our sons be like plants grown tall in their youth,\nour daughters like corner pillars carved for a palace.|Keeps both gendered images and takes the transition as communal wish.
144:13|May our storehouses be full, supplying every kind of produce;\nmay our flocks multiply by thousands and tens of thousands in our fields.|Preserves abundance, both numerical scales, and outdoor flocks.
144:14|May our cattle be laden with increase;\nmay there be no breach, no going out,\nno cry of distress in our squares.|Keeps difficult laden-cattle and civic phrases open with alternatives noted.
144:15|Happy is the people for whom it is so;\nhappy is the people whose God is the LORD.|Preserves doubled happiness and climactic divine allegiance.
