1:1|The vision Isaiah son of Amoz saw concerning Judah and Jerusalem, during the reigns of Uzziah, Jotham, Ahaz, and Hezekiah, kings of Judah.|Preserve prophet, father, geography, four kings.
1:2|Hear, heavens! Listen, earth!\nThe **LORD** has spoken:\n“I raised children and brought them up,\nbut they rebelled against me.|Retain cosmic summons and parental accusation.
1:3|An ox knows its owner,\na donkey its master’s feeding trough,\nbut Israel does not know;\nmy people do not understand.”|Preserve two animals and knowing refrain.
1:4|Alas, sinful nation,\npeople weighed down with guilt,\noffspring of evildoers, corrupt children!\nThey have abandoned the **LORD**,\nscorned the Holy One of Israel,\nand turned their backs.|Retain family indictment and Holy One title.
1:5|Why invite more blows?\nWhy keep rebelling?\nThe whole head is sick,\nthe whole heart faint.|Keep bodily metaphor and questions.
1:6|From the sole of the foot to the head,\nno part is sound—\nwounds, bruises, raw sores,\nnot cleaned, not bandaged,\nnot soothed with oil.|Retain untreated injuries and three negatives.
1:7|Your country is desolate;\nyour cities have burned.\nForeigners devour your land before your eyes;\nit is desolate, overthrown by strangers.|Keep devastation and witnessed consumption.
1:8|Daughter Zion is left\nlike a shelter in a vineyard,\na hut in a cucumber field,\na city under siege.|Preserve daughter personification and three similes.
1:9|Had the **LORD** of hosts not left us a few survivors,\nwe would have become like Sodom,\nlike Gomorrah.|Retain remnant and named cities.
1:10|Hear the **LORD**’s word, rulers of Sodom!\nListen to our God’s instruction, people of Gomorrah!|Preserve accusatory renamed audience and instruction.
1:11|“What do I want with all your sacrifices?” says the **LORD**.\n“I have had enough burnt offerings of rams\nand the fat of well-fed animals.\nI take no pleasure in the blood\nof bulls, lambs, or male goats.|Keep complete sacrificial animal list.
1:12|When you come to appear before me,\nwho asked you to trample my courts?|Retain presence and trampling question.
1:13|Bring no more empty offerings!\nYour incense disgusts me.\nNew moons, Sabbaths, summoned assemblies—\nI cannot bear wrongdoing joined to solemn gatherings.|Preserve ritual terms and ethical conjunction.
1:14|I hate your new moons and appointed festivals.\nThey have become a burden;\nI am tired of carrying them.|Retain divine hatred and burden imagery.
1:15|When you spread out your hands,\nI will hide my eyes from you.\nEven if you multiply prayers, I will not listen.\nYour hands are full of blood.|Keep prayer posture and bloody hands.
1:16|Wash yourselves; make yourselves clean.\nRemove your evil deeds from my sight.\nStop doing evil.|Retain bodily washing and ethical commands.
1:17|Learn to do good. Seek justice.\nSet oppression right.\nDefend the fatherless;\nplead the widow’s case.|Keep distinct legal actions and difficult oppression phrase.
1:18|“Come now, let us settle the matter,” says the **LORD**.\n“Though your sins are scarlet,\nthey shall be white as snow;\nthough red as crimson,\nthey shall become like wool.|Preserve judicial invitation and two color contrasts.
1:19|If you are willing and listen,\nyou will eat the land’s good produce.|Retain conditional willing obedience and eating.
1:20|But if you refuse and rebel,\nthe sword will eat you.”\nThe mouth of the **LORD** has spoken.|Keep eat/be-eaten wordplay and closing authority.
1:21|How the faithful city has become a prostitute!\nOnce she was full of justice;\nrighteousness lodged in her—\nbut now, murderers.|Retain sexual city metaphor and lodging contrast.
1:22|Your silver has become dross;\nyour drink is diluted with water.|Keep two adulterated substances.
1:23|Your rulers are rebels, partners of thieves.\nEvery one loves a bribe and chases rewards.\nThey do not defend the fatherless;\nthe widow’s case never reaches them.|Preserve systemic corruption and excluded litigants.
1:24|Therefore the Lord, the **LORD** of hosts,\nthe Mighty One of Israel, declares:\n“Ah, I will find relief from my adversaries\nand take vengeance on my enemies.|Retain three divine titles and vengeance.
1:25|I will turn my hand against you,\nsmelt away your dross as with lye,\nand remove all your alloy.|Keep purification as hostile hand and metallurgy.
1:26|I will restore your judges as at first,\nyour counselors as in the beginning.\nAfterward you will be called\nCity of Righteousness, Faithful City.”|Retain restored institutions and two names.
1:27|Zion will be redeemed through justice,\nand those who return to her through righteousness.|Keep redemption and returning ambiguity noted.
1:28|But rebels and sinners will be shattered together;\nthose who abandon the **LORD** will come to an end.|Retain combined judgment and abandoning relation.
1:29|They will be ashamed of the mighty trees you desired;\nyou will blush for the gardens you chose.|Preserve third/second-person shift and cultic landscapes.
1:30|You will be like a terebinth with withering leaves,\nlike a garden without water.|Keep tree species and waterlessness.
1:31|The strong will become tinder,\nand their work a spark.\nBoth will burn together,\nwith no one to put them out.|Retain worker/work linkage and unquenched fire.
2:1|The word Isaiah son of Amoz saw concerning Judah and Jerusalem:|Preserve unusual seeing a word formula.
2:2|In days to come,\nthe mountain of the **LORD**’s house\nwill stand firm above the mountains,\nraised above the hills.\nAll nations will stream toward it.|Keep raised mountain and uphill flowing nations.
2:3|Many peoples will come and say,\n“Come, let us go up to the **LORD**’s mountain,\nto the house of Jacob’s God.\nHe will teach us his ways,\nand we will walk his paths.”\nFor instruction will go out from Zion,\nand the **LORD**’s word from Jerusalem.|Retain collective invitation and learning/walking relation.
2:4|He will judge between the nations\nand settle disputes for many peoples.\nThey will hammer their swords into plowshares\nand their spears into pruning hooks.\nNation will not lift sword against nation;\nthey will no longer learn war.|Preserve instruments transformed and unlearned warfare.
2:5|House of Jacob, come!\nLet us walk in the **LORD**’s light.|Retain invitation echo and light image.
2:6|You have abandoned your people, the house of Jacob.\nThey are full of practices from the east,\nof diviners like the Philistines;\nthey clasp hands with foreigners.|Retain address to God and difficult foreign practice claims.
2:7|Their land is full of silver and gold,\nwith no end to their treasures;\ntheir land is full of horses,\nwith no end to their chariots.|Keep repeated fullness and endlessness.
2:8|Their land is full of idols.\nThey bow to the work of their hands,\nto what their own fingers have made.|Preserve hand/finger irony.
2:9|Humanity bows down; people are brought low.\nDo not forgive them.|Retain startling negative petition.
2:10|Go into the rocks; hide in the dust\nfrom the terror of the **LORD**,\nfrom the splendor of his majesty.|Keep hiding command and paired divine effects.
2:11|Humanity’s proud eyes will be lowered;\nhuman arrogance will bow.\nThe **LORD** alone will be exalted on that day.|Preserve human/divine height reversal.
2:12|For the **LORD** of hosts has a day\nagainst everything proud and lofty,\neverything raised high—it will be brought low;|Retain day against exalted things and continuation.
2:13|against all Lebanon’s cedars, tall and towering,\nand all Bashan’s oaks;|Keep two named tree regions.
2:14|against all the high mountains\nand every towering hill;|Preserve mountain/hill parallel.
2:15|against every lofty tower\nand every fortified wall;|Retain military architecture.
2:16|against all the ships of Tarshish\nand every splendid vessel.|Keep Tarshish ships, uncertain second noun noted.
2:17|Human arrogance will bow;\nhumanity’s pride will be lowered.\nThe **LORD** alone will be exalted on that day.|Match refrain with source’s altered order.
2:18|The idols will disappear completely.|Retain total disappearance.
2:19|People will enter caves in the rocks\nand holes in the earth,\nfrom the terror of the **LORD**,\nfrom the splendor of his majesty,\nwhen he rises to make the earth tremble.|Keep expanded hiding refrain and earth terror.
2:20|On that day people will throw away\nthe silver idols and gold idols\nmade for them to worship—\nthrow them to the moles and bats—|Retain metals, animals, and unfinished action.
2:21|to enter clefts in the rocks\nand cracks in the cliffs,\nfrom the terror of the **LORD**,\nfrom the splendor of his majesty,\nwhen he rises to make the earth tremble.|Preserve repeated refrain and rock variations.
2:22|Stop relying on human beings,\nwhose breath is in their nostrils.\nWhat are they worth?|Retain mortal breath and valuation question.
3:1|Look! The Lord, the **LORD** of hosts,\nis removing from Jerusalem and Judah\nevery support and supply:\nall support of bread and water,|Preserve divine titles and repeated support.
3:2|warrior and soldier,\njudge and prophet,\ndiviner and elder,|Retain all six social roles.
3:3|captain of fifty and person of rank,\ncounselor, skilled craftsman,\nand expert in charms.|Keep fifty and ambiguous skilled professions.
3:4|“I will make boys their rulers;\ncapricious children will govern them.”|Retain divine appointment and instability image.
3:5|People will oppress one another,\neach against a neighbor.\nThe young will bully the old,\nthe despised the honored.|Keep mutual harm and age/status reversals.
3:6|A man will seize his brother in their father’s house:\n“You have a cloak—be our leader!\nTake charge of this heap of ruins.”|Retain kin setting and absurd cloak qualification.
3:7|But that day he will protest:\n“I cannot bind up your wounds!\nMy house has neither bread nor cloak.\nDo not make me the people’s leader.”|Keep healer metaphor and refused office.
3:8|Jerusalem has stumbled; Judah has fallen.\nTheir speech and deeds oppose the **LORD**,\ndefying his glorious presence.|Render eyes of glory as presence with note.
3:9|Their faces testify against them;\nlike Sodom, they declare their sin without hiding it.\nWoe to them!\nThey have brought harm on themselves.|Retain self-incrimination and explicit Sodom.
3:10|Tell the righteous it will go well:\nthey will eat the fruit of their deeds.|Keep eating moral fruit.
3:11|Woe to the wicked! It will go badly:\nwhat their hands have done will return to them.|Retain recompense and hands.
3:12|My people—children oppress them,\nand women rule over them.\nMy people, your guides mislead you;\nthey swallow up the path you should walk.|Preserve gendered indictment, no silent alternate vocalization.
3:13|The **LORD** takes his stand to argue the case;\nhe rises to judge peoples.|Keep courtroom and plural peoples.
3:14|The **LORD** enters judgment\nwith his people’s elders and rulers:\n“You have devoured the vineyard!\nYour houses hold what you stole from the poor.|Retain vineyard accusation and concrete stolen goods.
3:15|What do you mean by crushing my people,\ngrinding the faces of the poor?”\ndeclares the Lord **GOD** of hosts.|Keep physical violence and divine-name typography distinction.
3:16|The **LORD** says:\n“Because Zion’s daughters are proud,\nwalking with necks outstretched\nand eyes that flirt,\ntaking mincing steps\nand jingling their anklets,|Retain specific female display and causal continuation.
3:17|the Lord will scab the heads of Zion’s daughters;\nthe **LORD** will expose their private parts.”|Preserve humiliating bodily threat, alternative scalp noted.
3:18|On that day the Lord will remove their finery: anklets, headbands, crescent ornaments,|Retain complete adornment catalogue beginning.
3:19|earrings, bracelets, veils,|Preserve three ornaments without expansion.
3:20|headdresses, ankle chains, sashes, perfume containers, amulets,|Keep five distinct items and magical ornament.
3:21|rings and nose jewels,|Retain two jewelry locations.
3:22|fine robes, mantles, wraps, purses,|Keep four garment/accessory terms.
3:23|mirrors, linen garments, turbans, and shawls.|Preserve final four items, uncertain identifications noted.
3:24|Instead of perfume, rot;\ninstead of a sash, a rope;\ninstead of styled hair, baldness;\ninstead of a fine robe, sackcloth;\nbranding instead of beauty.|Keep five humiliating exchanges.
3:25|Your men will fall by the sword,\nyour warriors in battle.|Retain address to city and deaths.
3:26|Her gates will lament and mourn;\nstripped bare, she will sit on the ground.|Preserve personified gates and devastated woman-city.
4:1|On that day seven women will seize one man and say, “We will eat our own bread and wear our own clothes. Only let us bear your name; take away our disgrace.”|Keep seven-to-one ratio and women’s stated proposal.
4:2|On that day the **LORD**’s growth will be beautiful and glorious, and the land’s fruit will be the pride and splendor of Israel’s survivors.|Keep plant/fruit parallel, branch alternative noted.
4:3|Those left in Zion, those remaining in Jerusalem, will be called holy—everyone recorded for life in Jerusalem.|Retain remnant and life register.
4:4|When the Lord has washed away the filth of Zion’s daughters and rinsed Jerusalem’s blood from her midst by a spirit of judgment and a spirit of burning,|Preserve washing, blood, and spirit ambiguity.
4:5|the **LORD** will create over all Mount Zion’s dwelling places and assemblies a cloud by day, smoke, and the glow of flaming fire by night. Over all the glory there will be a canopy,|Keep cloud/fire pattern and covering.
4:6|a shelter giving shade from the daytime heat, a refuge and hiding place from storm and rain.|Retain weather-specific protection.
5:1|Let me sing for my beloved\nmy beloved’s song about his vineyard.\nMy beloved had a vineyard\non a fertile hillside.|Keep singer and beloved distinct.
5:2|He dug it, cleared its stones,\nand planted choice vines.\nHe built a tower in its midst\nand cut out a winepress.\nHe expected grapes,\nbut it produced foul fruit.|Preserve preparations and failed expectation.
5:3|“Now, inhabitants of Jerusalem and people of Judah,\njudge between me and my vineyard.|Keep owner’s first-person appeal.
5:4|What more could I have done for my vineyard\nthat I have not done?\nWhy, when I expected grapes,\ndid it produce foul fruit?|Retain repeated fruit question.
5:5|Now I will tell you\nwhat I will do to my vineyard:\nremove its hedge, and it will be devoured;\nbreak its wall, and it will be trampled.|Keep two removed protections and consequences.
5:6|I will make it a wasteland,\nneither pruned nor hoed,\novergrown with thorns and briers.\nI will command the clouds\nto send no rain on it.”|Retain agricultural neglect and cloud command.
5:7|The vineyard of the **LORD** of hosts is the house of Israel;\nthe people of Judah are the planting he delighted in.\nHe expected justice—but look, bloodshed!\nRighteousness—but listen, a cry!|Preserve accusation’s sound-driven contrasts in note.
5:8|Woe to those who join house to house\nand add field to field,\nuntil no room remains\nand you live alone in the land!|Keep land concentration and exclusion.
5:9|The **LORD** of hosts has spoken in my hearing:\n“Surely many houses will lie desolate,\nlarge and beautiful, with no one living there.|Supply speech for in-my-ears formula.
5:10|Ten yoke of vineyard will yield one bath,\nand a homer of seed will yield an ephah.”|Preserve exact ancient quantities for note.
5:11|Woe to those who rise early to chase strong drink\nand linger late, inflamed by wine!|Keep morning/night and burning wine.
5:12|Lyre and harp, tambourine and flute,\nand wine fill their feasts.\nBut they do not regard the **LORD**’s work\nor see what his hands have done.|Retain four instruments and ignored divine work.
5:13|So my people go into exile for lack of knowledge.\nTheir honored people die of hunger;\ntheir masses are parched with thirst.|Keep exile, status contrast, hunger/thirst.
5:14|So Sheol widens its appetite\nand opens its mouth without limit.\nDown go Jerusalem’s splendor and crowds,\nher uproar and revelers.|Preserve devouring underworld and descent.
5:15|Humanity bows down; people are brought low;\nproud eyes are lowered.|Retain repeated lowering and eyes.
5:16|But the **LORD** of hosts is exalted through justice;\nthe holy God shows himself holy through righteousness.|Keep holiness/justice linkage.
5:17|Lambs will graze as in their pasture,\nand strangers will eat among the ruins of the well-fed.|Follow strangers text, not silently lambs emendation.
5:18|Woe to those who drag guilt with cords of falsehood\nand sin as with cart ropes,|Keep hauling metaphor and differing ropes.
5:19|who say, “Let him hurry!\nLet him speed his work so we can see it!\nLet the Holy One of Israel’s plan come near,\nlet it arrive so we may know!”|Preserve mocking demand and title.
5:20|Woe to those who call evil good and good evil,\nwho turn darkness into light and light into darkness,\nwho turn bitter into sweet and sweet into bitter!|Keep three reversible pairs.
5:21|Woe to those wise in their own eyes\nand discerning in their own sight!|Retain self-assessed wisdom.
5:22|Woe to heroes at drinking wine,\nvaliant men at mixing strong drink,|Keep ironic military praise.
5:23|who acquit the wicked for a bribe\nand take the righteous person’s rights away!|Retain courtroom injustice.
5:24|As a tongue of fire eats stubble\nand dry grass collapses in flame,\ntheir root will rot\nand their blossom rise like dust.\nThey have rejected the instruction of the **LORD** of hosts\nand scorned the Holy One of Israel’s word.|Keep two combustion images and root/blossom destruction.
5:25|So the **LORD**’s anger burned against his people.\nHe stretched out his hand and struck them;\nmountains shook,\nand their corpses lay like refuse in the streets.\nFor all this, his anger has not turned away;\nhis hand is still stretched out.|Preserve bodies and recurring anger refrain.
5:26|He will raise a signal for distant nations\nand whistle for them from the earth’s end.\nLook, they come swiftly, speedily!|Keep plural/singular collective movement and summons.
5:27|None grows tired or stumbles;\nnone dozes or sleeps.\nNo belt at the waist comes loose;\nno sandal strap breaks.|Retain four readiness negatives.
5:28|Their arrows are sharp,\nall their bows drawn.\nTheir horses’ hooves seem like flint,\ntheir wheels like a whirlwind.|Keep weapon and chariot similes.
5:29|Their roar is like a lion’s;\nthey roar like young lions.\nThey growl, seize prey,\nand carry it off with no one to rescue it.|Retain repeated lion sounds and absent rescue.
5:30|On that day they will growl over it\nlike the sea’s roar.\nLook toward the land:\ndarkness and distress!\nEven the light is darkened by its clouds.|Preserve ominous land view and darkened light.
6:1|In the year King Uzziah died, I saw the Lord seated on a throne, high and lifted up. The train of his robe filled the temple.|Retain dated vision and robe scale.
6:2|Seraphim stood above him. Each had six wings: with two each covered his face, with two his feet, and with two he flew.|Keep six divided into three pairs.
6:3|They called to one another:\n“Holy, holy, holy is the **LORD** of hosts!\nThe whole earth is full of his glory!”|Preserve threefold holy and antiphonal call.
6:4|The doorposts shook at the sound of the one calling, and the house filled with smoke.|Retain structural shaking and smoke.
6:5|I said, “Woe to me! I am undone. I am a man of unclean lips, living among a people of unclean lips, yet my eyes have seen the King, the **LORD** of hosts.”|Keep shared impurity and royal vision.
6:6|One of the seraphim flew to me with a glowing coal in his hand, taken from the altar with tongs.|Retain altar and tool-mediated coal.
6:7|He touched my mouth and said, “Look, this has touched your lips. Your guilt has departed; your sin is atoned for.”|Preserve physical contact and atonement term.
6:8|Then I heard the Lord’s voice: “Whom shall I send? Who will go for us?” I said, “Here I am. Send me!”|Keep singular/plural divine speech unharmonized.
6:9|He said, “Go and tell this people:\n‘Keep listening, but do not understand;\nkeep looking, but do not know.’|Retain commanded nonunderstanding.
6:10|Make this people’s heart dull,\nmake their ears heavy,\nclose their eyes,\nlest they see with their eyes,\nhear with their ears,\nunderstand with their heart,\nturn back, and be healed.”|Preserve hardening commission and lest force.
6:11|I asked, “How long, Lord?” He said, “Until cities lie ruined without inhabitants, houses without people, and the land lies utterly desolate;|Retain question and threefold emptiness.
6:12|until the **LORD** has sent people far away and abandoned places multiply in the land.|Keep exile and abandonment.
6:13|Even if a tenth remains, it will again be burned, like a terebinth or oak whose stump remains when felled. The holy seed is its stump.”|Retain tenth, repeated destruction, and seed/stump hope.
7:1|In the days of Ahaz son of Jotham, son of Uzziah, king of Judah, Rezin king of Aram and Pekah son of Remaliah, king of Israel, marched up to wage war against Jerusalem, but could not overcome it.|Retain full royal relationships and failed assault.
7:2|When the house of David was told, “Aram has joined Ephraim,” the king’s heart and his people’s hearts shook like forest trees shaking in the wind.|Keep dynastic audience and shared trembling simile.
7:3|The **LORD** said to Isaiah, “Go out to meet Ahaz, you and your son Shear-jashub, at the end of the upper pool’s channel, by the road to the washer’s field.|Retain sign-child and precise meeting location.
7:4|Tell him: ‘Take care and stay calm. Do not fear; do not lose heart before these two smoking stubs of firewood—before the burning anger of Rezin and Aram and Remaliah’s son.|Keep diminishing firewood image and enemy names.
7:5|Aram, Ephraim, and Remaliah’s son have plotted harm against you, saying,|Preserve three named conspirators.
7:6|“Let us invade Judah, terrify it, and break it open for ourselves. We will install Tabeel’s son as king there.”|Retain proposed puppet ruler and invasion verbs.
7:7|But the Lord **GOD** says:\n“It will not stand.\nIt will not happen.|Keep two denials and divine-name distinction.
7:8|Aram’s head is Damascus,\nand Damascus’s head is Rezin.\nWithin sixty-five years\nEphraim will be shattered, no longer a people.|Retain political hierarchy and exact interval.
7:9|Ephraim’s head is Samaria,\nand Samaria’s head is Remaliah’s son.\nIf you do not stand firm in faith,\nyou will not stand firm at all.”’”|Preserve faith/firmness wordplay in English.
7:10|The **LORD** spoke to Ahaz again:|Retain renewed divine address.
7:11|“Ask the **LORD** your God for a sign—make your request as deep as you wish or as high as the heights.”|Retain the pointed request verb and extreme depth/height; note the alternative repointing as Sheol.
7:12|Ahaz answered, “I will not ask. I will not put the **LORD** to the test.”|Preserve refusal and stated reason.
7:13|Isaiah said, “Listen, house of David! Is it not enough to weary people? Must you weary my God too?|Clarify speaker and retain my-God shift.
7:14|Therefore the Lord himself will give you a sign. Look, the young woman is pregnant and will bear a son. And you will name him Immanuel.|Follow almah and present pregnancy; preserve the shift to second-person feminine naming, documenting alternatives.
7:15|He will eat curds and honey when he knows to reject evil and choose good.|Retain food and moral discernment timing.
7:16|Before the boy knows to reject evil and choose good, the land whose two kings terrify you will be abandoned.|Keep repeated developmental limit and two kings.
7:17|The **LORD** will bring upon you, your people, and your father’s house days unlike any since Ephraim separated from Judah—the king of Assyria!”|Retain three targets and delayed Assyria disclosure.
7:18|On that day the **LORD** will whistle for flies from the farthest channels of Egypt and bees from Assyria.|Keep insects, locations, and whistle.
7:19|They will all come and settle in steep ravines, rock crevices, every thornbush, and every watering place.|Preserve four occupied habitats.
7:20|On that day the Lord will use a razor hired beyond the River—the king of Assyria—to shave the head and the hair of the legs, and sweep away the beard as well.|Keep humiliating shaving and legs euphemism note.
7:21|On that day a person will keep alive one young cow and two sheep.|Preserve one/two remnant livestock.
7:22|Their abundant milk will provide curds to eat. Everyone left in the land will eat curds and honey.|Keep abundance within devastated-land setting.
7:23|On that day every place where a thousand vines stood, worth a thousand pieces of silver, will become thorns and briers.|Retain paired thousands and land regression.
7:24|People will go there with bow and arrows, for the whole land will be thorns and briers.|Keep hunting equipment and repeated overgrowth.
7:25|As for all the hills once worked with a hoe, you will not go there for fear of thorns and briers. They will become places for cattle to roam and sheep to trample.|Choose fear-caused avoidance, retaining alternative syntax in note.
8:1|The **LORD** said to me, “Take a large tablet and write on it with an ordinary stylus: ‘For Maher-shalal-hash-baz.’”|Preserve sign’s material, script, and name.
8:2|“I will call reliable witnesses for myself: Uriah the priest and Zechariah son of Jeberechiah.”|Retain first-person divine witness statement.
8:3|I went to the prophetess, and she conceived and bore a son. The **LORD** said to me, “Name him Maher-shalal-hash-baz.|Keep prophetess title and conception sequence.
8:4|Before the boy knows how to say ‘My father’ or ‘My mother,’ Damascus’s wealth and Samaria’s plunder will be carried before the king of Assyria.”|Retain two infant words and two spoils.
8:5|The **LORD** spoke to me again:|Keep renewed message formula.
8:6|“Because this people has rejected\nthe gently flowing waters of Shiloah\nand rejoices over Rezin and Remaliah’s son,|Retain rejoicing reading, not silently melt-in-fear emendation.
8:7|the Lord is bringing against them\nthe River’s mighty, surging waters—\nthe king of Assyria in all his glory.\nIt will rise over every channel\nand overflow every bank.|Preserve explicit interpretation within river metaphor.
8:8|It will sweep into Judah, flooding through,\nreaching up to the neck.\nIts outspread wings will fill your land’s breadth,\nImmanuel.”|Keep river-to-wing shift and named addressee.
8:9|Rage, peoples, and be shattered!\nListen, all distant lands!\nPrepare for battle—and be shattered!\nPrepare for battle—and be shattered!|Retain repeated imperatives and uncertain opening verb.
8:10|Devise a plan—it will be broken.\nSpeak a word—it will not stand,\nfor God is with us.|Preserve Immanuel meaning as sentence.
8:11|The **LORD** spoke to me with his hand strong upon me, warning me not to walk in this people’s way:|Keep forceful hand and path warning.
8:12|“Do not call everything a conspiracy\nthat this people calls a conspiracy.\nDo not fear what they fear\nor be terrified.|Retain conspiracy repetition and fear pair.
8:13|The **LORD** of hosts—regard him as holy.\nLet him be your fear,\nlet him be your terror.|Keep holiness and doubled fear object.
8:14|He will become a sanctuary,\nyet a stone to strike against,\na rock to stumble over,\nfor both houses of Israel;\na trap and snare for Jerusalem’s inhabitants.|Preserve sanctuary/stumbling tension and two houses.
8:15|Many will stumble over them,\nfall and break,\nbe snared and caught.”|Keep five linked consequences.
8:16|Bind up the testimony;\nseal the instruction among my disciples.|Retain transmission commands and learners.
8:17|I will wait for the **LORD**,\nwho hides his face from the house of Jacob.\nI will hope in him.|Keep hope despite hidden face.
8:18|Here I am, with the children the **LORD** has given me, as signs and wonders in Israel from the **LORD** of hosts, who dwells on Mount Zion.|Retain family signs and two divine references.
8:19|When they tell you, “Consult the mediums and spiritists who chirp and mutter,” should not a people consult its God? Should the dead be consulted for the living?|Keep sounds and living/dead question.
8:20|To the instruction and the testimony! If they do not speak according to this word, there is no dawn for them.|Retain abrupt summons and dawn image, syntax noted.
8:21|They will pass through the land distressed and hungry. When hunger overtakes them, they will rage and curse their king and their God. They will turn their faces upward,|Keep hunger-to-curse sequence and upward look.
8:22|then look toward the earth: distress and darkness, oppressive gloom! They will be driven into deep darkness.|Preserve doubled direction and unrelieved darkness.
9:1|Yet there will be no gloom for the land in anguish. In the former time he brought the land of Zebulun and Naphtali into contempt; in the latter he has honored the way of the sea, beyond the Jordan, Galilee of the nations.|Map source8:23; retain geographic sweep and temporal contrast.
9:2|The people walking in darkness have seen a great light;\nlight has shone on those dwelling in a land of deep shadow.|Keep perfect vision and parallel darkness/light.
9:3|You have multiplied the nation\nand increased its joy.\nThey rejoice before you\nas at harvest,\nas people exult when dividing plunder.|Follow joy read form, record negative written alternative.
9:4|For the yoke that burdened them,\nthe bar across their shoulders,\nthe rod of their oppressor—\nyou have shattered them as on the day of Midian.|Preserve three oppression implements and historical allusion.
9:5|Every boot that tramped in battle\nand every garment rolled in blood\nwill be burned, fuel for the fire.|Retain bloody military objects and burning.
9:6|For a child has been born for us,\na son has been given to us.\nAuthority rests on his shoulder,\nand his name is called\nWonderful Counselor, Mighty God,\nEverlasting Father, Prince of Peace.|Preserve child/son, shoulder, full titles without extra doctrinal gloss.
9:7|His authority will increase,\nand peace will have no end,\non David’s throne and over his kingdom,\nestablishing and upholding it\nwith justice and righteousness\nfrom now and forever.\nThe zeal of the **LORD** of hosts will do this.|Keep rule, Davidic throne, justice, and divine zeal.
9:8|The Lord sent a word against Jacob;\nit fell upon Israel.|Retain word as active falling agent.
9:9|All the people will know it—\nEphraim and Samaria’s inhabitants,\nwho say in pride and arrogance,|Keep named audience and coming quotation.
9:10|“Bricks have fallen,\nbut we will build with cut stone.\nSycamores have been felled,\nbut we will replace them with cedars.”|Preserve two boasts of upgraded materials.
9:11|The **LORD** raised Rezin’s adversaries against them\nand stirred up their enemies:|Retain Rezin’s adversaries rather than emend name.
9:12|Aram from the east, Philistines from the west,\ndevouring Israel with open mouths.\nFor all this, his anger has not turned away;\nhis hand is still stretched out.|Keep directions and recurring anger refrain.
9:13|The people did not return to the one who struck them;\nthey did not seek the **LORD** of hosts.|Retain failure to return and seek.
9:14|So the **LORD** cut off from Israel head and tail,\npalm branch and reed, in a single day.|Keep paired extremes and one day.
9:15|The elder and person of rank are the head;\nthe prophet teaching lies is the tail.|Preserve text’s own decoding of metaphor.
9:16|This people’s guides mislead them;\nthose they guide are swallowed up.|Keep guide repetition and devouring verb.
9:17|Therefore the Lord takes no pleasure in their young men\nand has no compassion on their fatherless or widows,\nfor everyone is godless and does evil;\nevery mouth speaks folly.\nFor all this, his anger has not turned away;\nhis hand is still stretched out.|Preserve disturbing withheld compassion and exact refrain.
9:18|Wickedness burns like fire;\nit eats thorns and briers,\nsets the forest thickets ablaze,\nand they roll upward in columns of smoke.|Keep evil as spreading fire.
9:19|By the **LORD** of hosts’ wrath the land is scorched;\nthe people become fuel for fire.\nNo one spares a brother.|Retain divine wrath and failed kin compassion.
9:20|They snatch on the right and remain hungry,\neat on the left and are not satisfied.\nEach devours the flesh of his own arm:|Follow arm text, preserve cannibalistic metaphor.
9:21|Manasseh devours Ephraim, and Ephraim Manasseh;\ntogether they turn against Judah.\nFor all this, his anger has not turned away;\nhis hand is still stretched out.|Keep intra-Israel conflict and repeated refrain.
10:1|Woe to those who decree unjust decrees,\nto scribes who keep writing oppression,|Retain written injustice and repeated decree.
10:2|to deny the poor a hearing\nand rob my afflicted people of justice,\nmaking widows their plunder\nand the fatherless their prey!|Preserve four legal and predatory harms.
10:3|What will you do on the day of reckoning,\nwhen devastation comes from far away?\nTo whom will you flee for help?\nWhere will you leave your wealth?|Keep three unanswered judgment questions.
10:4|Nothing remains but to crouch among prisoners\nor fall among the slain.\nFor all this, his anger has not turned away;\nhis hand is still stretched out.|Retain two fates and established refrain.
10:5|“Woe to Assyria, the rod of my anger!\nThe staff in their hand is my fury.|Keep instrument metaphor and divine anger.
10:6|I send him against a godless nation;\nI command him against the people of my wrath,\nto take spoil and seize plunder,\nto trample them like street mud.|Retain divine commissioning and paired spoil verbs.
10:7|But that is not what he intends;\nthat is not what his heart plans.\nHis heart is set on destruction,\non cutting off nations without number.|Distinguish instrument’s intention from sender’s.
10:8|He says, ‘Are not all my commanders kings?|Keep boast as Assyrian speech.
10:9|Is not Calno like Carchemish,\nHamath like Arpad,\nSamaria like Damascus?|Preserve six cities and paired comparisons.
10:10|My hand has reached kingdoms of idols\nwhose images surpassed those of Jerusalem and Samaria.|Keep speaker’s comparative religious boast.
10:11|As I did to Samaria and her idols,\nwill I not do to Jerusalem and her images?’”|Retain threatened analogy and two cities.
10:12|When the Lord has completed all his work on Mount Zion and in Jerusalem, “I will punish the fruit of Assyria’s king’s arrogant heart and his proudly lifted eyes.”|Preserve third-to-first divine speech shift.
10:13|For he says, “By my hand’s strength I did it,\nby my wisdom, for I am discerning.\nI removed peoples’ boundaries,\nplundered their treasures,\nand brought down those enthroned like a mighty one.|Keep repeated self-credit, borders, and deposed rulers.
10:14|My hand found the peoples’ wealth like a nest.\nAs one gathers abandoned eggs,\nI gathered all the earth.\nNo wing fluttered,\nno mouth opened, no chirp was heard.”|Retain nest simile and three resistance negatives.
10:15|Does an ax boast over the one who chops with it?\nDoes a saw exalt itself over the one who moves it?\nAs if a rod could swing the one lifting it,\nor a staff lift someone who is not wood!|Keep four tool inversions and not-wood punchline.
10:16|Therefore the Lord, the **LORD** of hosts,\nwill send wasting sickness among his well-fed men;\nbeneath his glory a blaze will burn like fire.|Retain fat/thin reversal and burning glory.
10:17|Israel’s Light will become a fire,\nits Holy One a flame,\nburning and consuming his thorns and briers\nin a single day.|Preserve two divine images and one-day destruction.
10:18|The splendor of his forest and fruitful land\nhe will consume, soul and body;\nit will be like a sick person wasting away.|Retain forest/land, whole-being, and difficult wasting simile.
10:19|So few trees will remain in his forest\nthat a child could write down their number.|Keep child-countable remnant.
10:20|On that day Israel’s remnant, the survivors of the house of Jacob, will no longer lean on the one who struck them. They will truly lean on the **LORD**, the Holy One of Israel.|Retain repeated leaning and changed dependence.
10:21|A remnant will return,\nJacob’s remnant, to the Mighty God.|Keep Shear-jashub echo and9:6 title.
10:22|Though your people Israel are like the sand of the sea,\nonly a remnant will return.\nDestruction is decreed, overflowing with righteousness.|Preserve multitude/remnant tension and flood image.
10:23|The Lord **GOD** of hosts will carry out the decreed destruction throughout the whole land.|Keep complete decree and divine title.
10:24|Therefore the Lord **GOD** of hosts says, “My people who live in Zion, do not fear Assyria when he strikes you with a rod and raises his staff against you as Egypt did.|Retain actual threat within reassurance.
10:25|In a very little while my indignation will end, and my anger will turn to their destruction.”|Keep short interval and redirected anger.
10:26|The **LORD** of hosts will raise a whip against him, as when he struck Midian at the rock of Oreb. His staff will be over the sea, raised as it was against Egypt.|Retain two historical comparisons and Oreb.
10:27|On that day his burden will leave your shoulder,\nhis yoke your neck;\nthe yoke will break because of fatness.|Preserve difficult fatness wording rather than import anointing.
10:28|He has reached Aiath, passed through Migron;\nat Michmash he stores his equipment.|Keep invasion itinerary and supply point.
10:29|They cross the pass:\n“Geba will be our lodging.”\nRamah trembles; Saul’s Gibeah flees.|Retain quoted army voice and towns’ reactions.
10:30|Cry out, daughter Gallim!\nListen, Laishah!\nPoor Anathoth!|Keep three place names and exclamations.
10:31|Madmenah has fled;\nGebim’s inhabitants seek safety.|Preserve two evacuating communities.
10:32|This very day he halts at Nob,\nshaking his hand at Daughter Zion’s mountain,\nat Jerusalem’s hill.|Follow daughter read form and immediate menace.
10:33|Look! The Lord, the **LORD** of hosts,\nlops off the boughs with terrifying force.\nThe tall trees are felled;\nthe lofty are brought low.|Keep height reversal and tree metaphor.
10:34|He cuts down the forest thickets with iron;\nLebanon falls by a mighty one.|Retain iron and ambiguous mighty agent.
11:1|A shoot will grow from Jesse’s stump;\na branch from his roots will bear fruit.|Keep stump-to-fruit movement and Jesse.
11:2|The spirit of the **LORD** will rest upon him:\na spirit of wisdom and understanding,\na spirit of counsel and strength,\na spirit of knowledge and fear of the **LORD**.|Preserve three pairs and repeated spirit.
11:3|His delight will be in the fear of the **LORD**.\nHe will not judge by what his eyes see\nor decide by what his ears hear.|Retain delight interpretation and sensory limits.
11:4|He will judge the poor with righteousness\nand decide fairly for the earth’s afflicted.\nHe will strike the earth with his mouth’s rod\nand kill the wicked with his lips’ breath.|Preserve justice, earth reading, and lethal speech.
11:5|Righteousness will be the belt at his waist,\nfaithfulness the belt at his hips.|Keep two ethical belts.
11:6|A wolf will live with a lamb;\na leopard will lie down with a young goat.\nCalf, young lion, and fattened animal will be together,\nand a little child will lead them.|Retain all animals, including fattened animal.
11:7|Cow and bear will graze;\ntheir young will lie down together.\nThe lion will eat straw like cattle.|Keep shared diet and offspring.
11:8|A nursing child will play by a cobra’s hole;\na weaned child will reach into a viper’s den.|Retain two childhood stages and dangerous snakes.
11:9|They will neither harm nor destroy\non all my holy mountain,\nfor the earth will be full of the knowledge of the **LORD**,\nas water covers the sea.|Keep divine my and knowledge-filled world.
11:10|On that day Jesse’s root will stand as a signal for peoples. Nations will seek him, and his resting place will be glorious.|Retain root/person transition and national seeking.
11:11|On that day the Lord will again extend his hand, a second time, to recover the remnant of his people left in Assyria, Egypt, Pathros, Cush, Elam, Shinar, Hamath, and the sea’s coastlands.|Preserve second recovery and all eight locations.
11:12|He will raise a signal for the nations,\ngather Israel’s outcasts,\nand assemble Judah’s scattered people\nfrom the earth’s four corners.|Keep two peoples and four corners.
11:13|Ephraim’s jealousy will depart,\nand Judah’s adversaries will be cut off.\nEphraim will not envy Judah,\nand Judah will not harass Ephraim.|Retain reciprocal reconciled hostility.
11:14|Together they will swoop on Philistia’s western slopes\nand plunder the people of the east.\nEdom and Moab will fall under their hand;\nthe Ammonites will obey them.|Preserve conquest alongside preceding peace imagery.
11:15|The **LORD** will utterly destroy the tongue of Egypt’s sea.\nHe will wave his hand over the River\nwith his scorching wind,\nstrike it into seven streams,\nand let people cross in sandals.|Keep sea tongue, wind, seven streams, sandals.
11:16|There will be a highway for the remnant of his people left in Assyria, as there was for Israel on the day it came up from Egypt.|Retain explicit exodus analogy.
12:1|On that day you will say:\n“I thank you, **LORD**.\nThough you were angry with me,\nyour anger turned away, and you comforted me.|Keep thanks after anger, comfort transition.
12:2|Look, God is my salvation!\nI will trust and not be afraid.\nFor **YAH**, the **LORD**, is my strength and song;\nhe has become my salvation.”|Retain both divine forms and exodus song echo.
12:3|With joy you will draw water\nfrom the springs of salvation.|Keep plural audience and water image.
12:4|On that day you will say:\n“Thank the **LORD**; call on his name.\nMake his deeds known among the peoples;\nproclaim that his name is exalted.|Preserve four communal imperatives.
12:5|Sing to the **LORD**, for he has done glorious things.\nLet this be known throughout the earth.|Retain global announcement and read-form passive.
12:6|Shout and sing for joy, you who dwell in Zion!\nGreat in your midst is the Holy One of Israel.”|Keep female city address and divine nearness.
13:1|An oracle concerning Babylon, which Isaiah son of Amoz saw.|Retain oracle and vision attribution.
13:2|Raise a signal on a bare hill!\nShout to them; wave your hand,\nso they may enter the nobles’ gates.|Keep three military signals and entrance.
13:3|I have commanded my consecrated ones;\nI have summoned my warriors to carry out my anger,\nthose who exult in my majesty.|Preserve consecrated warriors without moral sanitizing.
13:4|A roar on the mountains, like a vast people!\nThe tumult of kingdoms, nations assembling!\nThe **LORD** of hosts is mustering an army for war.|Retain heard gathering and divine commander.
13:5|They come from a distant land,\nfrom the edge of the heavens—\nthe **LORD** and the weapons of his fury—\nto ruin the whole land.|Keep distant origin and destructive purpose.
13:6|Wail, for the **LORD**’s day is near!\nIt comes like devastation from Shaddai.|Retain Shaddai name and soundplay note.
13:7|Therefore every hand will go limp,\nevery human heart will melt.|Keep bodily fear metaphors.
13:8|They will be terrified.\nPangs and anguish will seize them;\nthey will writhe like a woman in labor.\nThey will stare at one another in horror,\ntheir faces aflame.|Preserve childbirth simile and flaming faces.
13:9|Look, the **LORD**’s day is coming,\ncruel, with fury and burning anger,\nto make the land desolate\nand destroy its sinners from it.|Retain cruelty and exterminating judgment.
13:10|Heaven’s stars and constellations\nwill not shine their light.\nThe sun will be dark as it rises,\nand the moon will give no light.|Keep three cosmic lights extinguished.
13:11|“I will punish the world for its evil,\nthe wicked for their guilt.\nI will end the arrogant’s pride\nand bring tyrants’ haughtiness low.|Retain world scope and pride reversal.
13:12|I will make people scarcer than refined gold,\nhuman beings rarer than Ophir’s gold.|Keep depopulation rather than increased value alone.
13:13|Therefore I will shake the heavens,\nand the earth will tremble out of place,\nat the **LORD** of hosts’ fury,\non the day of his burning anger.|Retain cosmic displacement and divine wrath.
13:14|Like a hunted gazelle,\nlike sheep with no one to gather them,\neach will turn to their own people,\neach flee to their own land.|Keep displaced multinationals and two similes.
13:15|Everyone found will be pierced through;\neveryone caught will fall by the sword.|Retain comprehensive killing.
13:16|Their infants will be dashed to pieces before their eyes,\ntheir houses plundered,\nand their wives raped.|Name all three harms explicitly, including sexual violence.
13:17|Look, I am stirring up the Medes against them,\nwho care nothing for silver\nand take no pleasure in gold.|Keep named attackers and unbribability.
13:18|Their bows will shatter young men.\nThey will have no mercy on the fruit of the womb;\ntheir eyes will not spare children.|Preserve violence against young and unborn/offspring ambiguity.
13:19|Babylon, beauty among kingdoms,\nthe Chaldeans’ proud splendor,\nwill be like Sodom and Gomorrah\nwhen God overthrew them.|Keep Chaldeans and overthrow analogy.
13:20|It will never again be inhabited\nor settled through the generations.\nNo Arab will pitch a tent there;\nno shepherd will rest a flock there.|Preserve absolute desolation and named nomadic inhabitant.
13:21|Desert creatures will lie there;\nits houses will fill with howling animals.\nOstriches will live there,\nand goat-demons will dance there.|Keep eerie fauna with uncertain identifications noted.
13:22|Hyenas will answer one another in its fortresses,\njackals in its luxurious palaces.\nIts time is near;\nits days will not be prolonged.”|Retain answering animals and imminent end.
14:1|The **LORD** will have compassion on Jacob and again choose Israel. He will settle them on their own land. Resident foreigners will join them and attach themselves to the house of Jacob.|Keep renewed election and attached foreigners.
14:2|Peoples will bring them to their own place, and the house of Israel will possess those peoples as male and female slaves in the **LORD**’s land. They will capture their captors and rule over their oppressors.|Preserve slavery reversal without euphemism.
14:3|When the **LORD** gives you rest from pain, turmoil, and the harsh labor forced upon you,|Keep three burdens and forced labor.
14:4|you will take up this taunt against Babylon’s king:\n“How the oppressor has stopped!\nHow his extortion has ended!|Retain the human royal target and a gold-exaction sense for rare madhebah; distinguish the emended fury reading in a note.
14:5|The **LORD** has broken the wicked’s staff,\nthe rulers’ rod,|Keep broken instruments of power.
14:6|which struck peoples in fury\nwith blows that never stopped,\nwhich ruled nations in anger\nwith unrelenting pursuit.|Retain relentless violence and parallel ruling.
14:7|All the earth rests, quiet at last;\nit breaks into joyful song.|Keep earth’s audible relief.
14:8|Even the cypresses rejoice over you,\nand Lebanon’s cedars:\n‘Since you were laid low,\nno woodcutter comes against us.’|Preserve trees’ quoted relief from extraction.
14:9|Sheol below stirs to meet you when you come.\nIt rouses the shades for you,\nall the earth’s leaders;\nit lifts from their thrones\nall the kings of nations.|Keep personified underworld and dead rulers.
14:10|They all answer you:\n‘You too have become weak like us!\nYou have become one of us!’|Retain mocking equalization.
14:11|Your pomp has been brought down to Sheol,\nwith the sound of your harps.\nMaggots are spread beneath you;\nworms are your covering.|Preserve decaying royal bed image.
14:12|How you have fallen from heaven,\nshining one, son of Dawn!\nYou are cut down to the earth,\nyou who laid nations low.|Retain celestial title within king’s taunt, no inserted Satan.
14:13|You said in your heart,\n‘I will ascend to heaven;\nabove God’s stars I will raise my throne.\nI will sit on the mountain of assembly,\nin the far reaches of Zaphon.|Keep royal ascent and mythic place term.
14:14|I will ascend above the cloud heights;\nI will make myself like the Most High.’|Preserve two self-exalting claims.
14:15|But down to Sheol you are brought,\nto the deepest reaches of the Pit.|Keep ascent/descent reversal.
14:16|Those who see you will stare and ponder:\n‘Is this the man who made the earth tremble,\nwho shook kingdoms,|Retain explicit man and astonishment.
14:17|who made the world a wilderness\nand demolished its cities,\nwho would not release his prisoners to go home?’|Keep three destructive royal acts.
14:18|All the kings of nations lie in honor,\neach in his own tomb.|Retain universal royal burial contrast.
14:19|But you are thrown away from your grave\nlike a despised branch,\nclothed with the slain, pierced by swords,\nwho go down to the stones of the Pit—\nlike a corpse trampled underfoot.|Keep unburied body and difficult layered images.
14:20|You will not join them in burial,\nfor you ruined your land and killed your people.\nMay evildoers’ offspring never be named again!|Preserve explanation and curse on descendants.
14:21|Prepare a slaughtering place for his sons\nbecause of their fathers’ guilt,\nso they cannot rise and possess the land\nand fill the world’s surface with cities.”|Retain intergenerational violence and cities text.
14:22|“I will rise against them,” declares the **LORD** of hosts. “I will cut off from Babylon name and remnant, offspring and descendants,” declares the **LORD**.|Keep doubled declaration and four removals.
14:23|“I will make it a possession for hedgehogs and pools of water. I will sweep it with the broom of destruction,” declares the **LORD** of hosts.|Preserve animal uncertainty in note and broom image.
14:24|The **LORD** of hosts has sworn:\n“As I have intended, so it will happen;\nas I have planned, so it will stand:|Retain oath and parallel resolve.
14:25|I will break Assyria in my land,\ntrample him on my mountains.\nHis yoke will leave them;\nhis burden will leave their shoulders.”|Keep land claim and freed burden.
14:26|This is the plan made for all the earth;\nthis is the hand stretched over all the nations.|Retain global reach and stretched hand.
14:27|The **LORD** of hosts has planned it—who can thwart it?\nHis hand is stretched out—who can turn it back?|Keep two rhetorical challenges.
14:28|This oracle came in the year King Ahaz died:|Preserve chronological heading.
14:29|Do not rejoice, all Philistia,\nthat the rod striking you is broken.\nFrom the snake’s root a viper will come,\nand its fruit will be a flying fiery serpent.|Keep succession of snake images without historical identification.
14:30|The poorest of the poor will graze,\nand the needy lie down safely.\nBut I will kill your root with famine;\nit will slay your remnant.|Retain poor’s safety versus Philistia’s famine.
14:31|Wail, gate! Cry out, city!\nMelt away, all Philistia!\nSmoke comes from the north,\nand none strays from its ranks.|Keep city personification and organized army.
14:32|What answer should be given to a nation’s messengers?\n“The **LORD** founded Zion,\nand his people’s afflicted find refuge there.”|Retain diplomatic question and refuge answer.
15:1|An oracle concerning Moab:\nIn a night Ar of Moab is devastated, silenced;\nin a night Kir of Moab is devastated, silenced.|Keep repeated night and two cities.
15:2|Moab has gone up to the temple,\nto Dibon’s high places, to weep.\nOver Nebo and Medeba it wails.\nEvery head is shaved;\nevery beard is cut off.|Retain local mourning rites and names.
15:3|In its streets they wear sackcloth;\non rooftops and in squares\neveryone wails,\nmelting into tears.|Keep public spaces and bodily grief.
15:4|Heshbon and Elealeh cry out;\ntheir voices are heard as far as Jahaz.\nSo Moab’s armed men cry aloud;\nits very life trembles.|Retain soldiers’ grief and three towns.
15:5|My heart cries out for Moab.\nIts fugitives reach Zoar, Eglath-shelishiyah.\nThey climb Luhith’s ascent weeping;\non the road to Horonaim\nthey raise a cry of destruction.|Keep first-person compassion and flight route.
15:6|Nimrim’s waters are desolate;\nthe grass has dried, new growth has ended,\nand nothing green remains.|Retain water loss and three vegetation failures.
15:7|So the wealth they have gained,\nall they have stored,\nthey carry across the Wadi of the Willows.|Keep refugees’ possessions and named crossing.
15:8|The cry circles Moab’s borders;\nits wailing reaches Eglaim,\nits wailing reaches Beer-elim.|Preserve repeated wailing and geographical extent.
15:9|Dimon’s waters are full of blood,\nyet I will bring more upon Dimon:\na lion against Moab’s fugitives\nand those left in the land.|Keep blood, added judgment, and surviving targets.
16:1|Send a lamb to the ruler of the land,\nfrom Sela through the wilderness\nto Daughter Zion’s mountain.|Preserve tribute and route; singular lamb retained.
16:2|Like wandering birds,\nlike a scattered nest,\nMoab’s daughters will be\nat the Arnon crossings.|Retain female fugitives and nest image.
16:3|“Give counsel; render judgment.\nAt noon make your shade like night.\nHide the outcasts;\ndo not betray the fugitive.|Keep protection petition and noon/night contrast.
16:4|Let my outcasts live with you, Moab;\nbe a hiding place for them from the destroyer.\nFor the extortioner is gone, destruction has ended,\nthe trampler has vanished from the land.|Follow my-outcasts vocalization; alternative Moab’s outcasts noted.
16:5|A throne will be established in steadfast love,\nand on it, in David’s tent,\none will sit faithfully,\njudging, seeking justice,\nand swift to do right.”|Preserve Davidic tent and three judicial actions.
16:6|We have heard of Moab’s pride—so very proud—\nits arrogance, pride, and fury.\nIts boasts are empty.|Retain piled pride terms.
16:7|So Moab will wail for Moab;\neveryone will wail.\nFor Kir-hareseth’s raisin cakes\nyou will moan, utterly stricken.|Keep repeated Moab and specific lost produce.
16:8|Heshbon’s fields have withered,\nand Sibmah’s vine.\nRulers of nations have struck down its choice branches,\nwhich reached Jazer and wandered into the wilderness;\nits shoots spread out and crossed the sea.|Preserve vine expansion and devastation.
16:9|So I weep with Jazer over Sibmah’s vine.\nI drench you with my tears, Heshbon and Elealeh,\nfor a shout has fallen\non your summer fruit and harvest.|Keep first-person lament and ambiguous shout.
16:10|Joy and gladness are taken from fruitful fields;\nno singing, no shouting rings through the vineyards.\nNo one treads wine in the presses.\nI have ended the harvest shout.|Preserve divine/prophetic voice ambiguity and ended celebration.
16:11|So my inward parts sound like a lyre for Moab,\nmy very heart for Kir-heres.|Keep visceral musical lament.
16:12|When Moab appears at the high place and wears itself out, when it enters its sanctuary to pray, it will achieve nothing.|Retain futile worship without additional polemic.
16:13|This is the word the **LORD** spoke concerning Moab formerly.|Keep earlier oracle distinction.
16:14|Now the **LORD** says, “Within three years, counted like a hired worker’s years, Moab’s glory and all its great multitude will be brought low. The remnant will be very small and powerless.”|Preserve exact contracted interval and reduced remnant.
17:1|An oracle concerning Damascus:\nLook, Damascus will cease to be a city;\nit will become a heap of ruins.|Retain named city’s erasure.
17:2|Aroer’s towns will be abandoned,\nleft for flocks to lie down in,\nwith no one to frighten them.|Preserve Aroer and undisturbed flocks.
17:3|Fortresses will disappear from Ephraim,\nroyal power from Damascus.\nAram’s remnant will be like Israel’s glory,\ndeclares the **LORD** of hosts.|Keep linked losses and ironic glory comparison.
17:4|On that day Jacob’s glory will grow thin,\nand his well-fed body waste away.|Preserve emaciation metaphor.
17:5|It will be like a reaper gathering standing grain,\nhis arm cutting the ears,\nlike someone gleaning ears of grain\nin the Valley of Rephaim.|Retain harvest/gleaning and named valley.
17:6|Only gleanings will remain,\nas when an olive tree is beaten:\ntwo or three olives at the topmost branch,\nfour or five on its fruitful boughs,\ndeclares the **LORD**, Israel’s God.|Keep exact remnant numbers and olive image.
17:7|On that day people will look to their Maker;\ntheir eyes will turn to the Holy One of Israel.|Retain maker/title and directed eyes.
17:8|They will not look to the altars their hands made\nor regard what their fingers fashioned—\nthe Asherah poles and incense stands.|Keep human manufacture and named cultic objects.
17:9|On that day their strong cities will be like abandoned woodland and hilltops, deserted before the Israelites. There will be desolation.|Follow pinned woodland/hilltop wording, alternative noted.
17:10|You have forgotten the God of your salvation\nand failed to remember the Rock of your refuge.\nSo you plant delightful gardens\nand set them with foreign vine shoots.|Preserve forget/remember and horticultural response.
17:11|You make them flourish the day you plant,\nand bloom the morning you sow.\nBut the harvest flees\non a day of sickness and incurable pain.|Keep accelerated growth and difficult vanishing harvest reading.
17:12|Ah, the uproar of many peoples,\nroaring like the seas!\nThe crash of nations,\ncrashing like mighty waters!|Retain repeated aquatic sound pattern.
17:13|Nations crash like surging waters,\nbut he rebukes them and they flee far away,\ndriven like mountain chaff before the wind,\nlike tumbleweed before a storm.|Keep unexpressed divine subject and two dispersal images.
17:14|At evening—terror!\nBefore morning—they are gone.\nThis is the portion of those who plunder us,\nthe lot of those who rob us.|Retain overnight reversal and communal us.
18:1|Ah, land of whirring wings,\nbeyond the rivers of Cush,|Keep uncertain wing image and Cush geography.
18:2|sending envoys by water,\nin papyrus boats over the waters!\nGo, swift messengers,\nto a nation tall and smooth-skinned,\nto a people feared near and far,\na powerful, trampling nation\nwhose land the rivers divide.|Retain boats and difficult ethnographic descriptors without racial inference.
18:3|All who inhabit the world,\nall who dwell on earth:\nwhen a signal is raised on the mountains, look!\nWhen a horn is sounded, listen!|Keep universal summons and sight/hearing commands.
18:4|For the **LORD** told me:\n“I will remain still and watch from my dwelling,\nlike clear heat in sunlight,\nlike a cloud of dew in harvest heat.”|Preserve divine waiting and two weather similes.
18:5|Before harvest, when flowering ends\nand blossoms become ripening grapes,\nhe will cut off the shoots with pruning hooks,\nremove and slash the spreading branches.|Keep preharvest timing and violent pruning.
18:6|They will all be left\nfor mountain birds of prey and wild animals.\nThe birds will summer on them;\nthe wild animals will winter on them.|Preserve carcass implication and seasonal pair.
18:7|At that time tribute will be brought to the **LORD** of hosts from a people tall and smooth-skinned, a people feared near and far, a powerful, trampling nation whose land the rivers divide—to Mount Zion, the place of the name of the **LORD** of hosts.|Repeat national description and two divine names.
19:1|An oracle concerning Egypt:\nLook, the **LORD** rides a swift cloud\nand comes to Egypt.\nEgypt’s idols tremble before him;\nEgypt’s heart melts within it.|Retain cloud rider and idol/heart fear.
19:2|“I will stir Egyptian against Egyptian.\nThey will fight, brother against brother,\nneighbor against neighbor,\ncity against city, kingdom against kingdom.|Preserve four escalating internal conflicts.
19:3|Egypt’s spirit will drain away within it,\nand I will swallow up its plans.\nThey will consult idols and ghosts,\nmediums and spiritists.|Keep failed counsel and four recourses.
19:4|I will hand Egypt over to a harsh master;\na fierce king will rule them,”\ndeclares the Lord, the **LORD** of hosts.|Retain surrender and tyrannical king.
19:5|The sea’s waters will dry up;\nthe River will be parched and dry.|Keep sea/river language in Egyptian setting.
19:6|The channels will stink;\nEgypt’s streams will dwindle and dry.\nReeds and rushes will wither.|Retain stench, water loss, vegetation.
19:7|The riverbank growth, at the River’s edge,\nand every field sown beside it\nwill dry up, blow away, and be gone.|Keep three-step crop disappearance.
19:8|Fishers will lament;\nall who cast hooks into the River will mourn;\nthose spreading nets on the water will languish.|Preserve two fishing methods and livelihoods.
19:9|Those working combed flax\nand weaving white cloth will be ashamed.|Retain textile crafts and uncertainty in note.
19:10|Its foundations will be crushed;\nall wage workers will be sick at heart.|Keep foundations text and workers’ distress.
19:11|Zoan’s princes are fools;\nPharaoh’s wisest counselors give stupid advice.\nHow can you tell Pharaoh,\n“I am a son of sages, a son of ancient kings”?|Retain elite ancestry boast and failed wisdom.
19:12|Where, then, are your wise men?\nLet them tell you, let them know\nwhat the **LORD** of hosts has planned against Egypt.|Keep challenge and divine plan.
19:13|Zoan’s princes have become fools;\nMemphis’s princes are deceived.\nThe cornerstones of Egypt’s tribes\nhave led it astray.|Retain leaders as structural cornerstones.
19:14|The **LORD** has mixed a spirit of confusion into it.\nThey make Egypt stagger in everything it does,\nas a drunk staggers in his vomit.|Keep divine mixing and graphic drunken image.
19:15|Egypt will have nothing\nthat head or tail,\npalm branch or reed can accomplish.|Match head/tail and palm/reed extremes.
19:16|On that day Egypt will be like women, trembling and terrified before the hand that the **LORD** of hosts waves against it.|Preserve gendered comparison without explanatory addition.
19:17|Judah’s land will become a terror to Egypt. Whenever anyone mentions it, Egypt will be afraid because of the plan the **LORD** of hosts is making against it.|Retain place-name fear and divine counsel.
19:18|On that day five cities in Egypt will speak Canaan’s language and swear allegiance to the **LORD** of hosts. One will be called City of Destruction.|Keep five and pinned destruction, alternate Sun noted.
19:19|On that day there will be an altar to the **LORD** in the heart of Egypt and a pillar to the **LORD** at its border.|Retain two sacred markers and locations.
19:20|It will be a sign and witness to the **LORD** of hosts in Egypt. When they cry to the **LORD** because of oppressors, he will send them a savior and champion who will rescue them.|Preserve Egyptians as recipients of deliverance.
19:21|The **LORD** will make himself known to Egypt, and the Egyptians will know the **LORD** on that day. They will worship with sacrifice and offering, make vows to the **LORD**, and fulfill them.|Keep reciprocal knowledge and cultic actions.
19:22|The **LORD** will strike Egypt—striking and healing. They will return to the **LORD**, and he will answer their pleas and heal them.|Preserve repeated healing and judgment tension.
19:23|On that day a highway will run from Egypt to Assyria. Assyrians will come to Egypt, and Egyptians to Assyria, and Egypt will worship with Assyria.|Choose shared worship, note serve-Assyria ambiguity.
19:24|On that day Israel will be a third alongside Egypt and Assyria, a blessing in the midst of the earth,|Retain three-way relationship and blessing.
19:25|whom the **LORD** of hosts blesses, saying, “Blessed be Egypt my people, Assyria the work of my hands, and Israel my inheritance.”|Preserve startling three divine designations exactly.
20:1|In the year the commander sent by Sargon king of Assyria came to Ashdod, fought against it, and captured it,|Render Tartan as office; preserve Sargon and event.
20:2|the **LORD** spoke through Isaiah son of Amoz: “Go, loosen the sackcloth from your waist and take the sandals from your feet.” He did so, walking naked and barefoot.|Keep explicit naked sign act without softening.
20:3|The **LORD** said, “Just as my servant Isaiah has walked naked and barefoot for three years, a sign and wonder concerning Egypt and Cush,|Retain three years and named targets.
20:4|so the king of Assyria will lead Egypt’s captives and Cush’s exiles, young and old, naked and barefoot, with buttocks exposed—Egypt’s nakedness.|Keep age range and humiliating exposure.
20:5|They will be dismayed and ashamed of Cush, their hope, and Egypt, their pride.|Retain failed political reliance.
20:6|On that day the inhabitants of this coastland will say, ‘Look what has happened to our hope, to those we fled to for help and rescue from Assyria’s king! How, then, can we escape?’”|Preserve local observers’ unresolved question.
21:1|An oracle concerning the wilderness of the sea:\nLike whirlwinds sweeping through the Negeb,\nit comes from the wilderness,\nfrom a fearsome land.|Keep enigmatic title and desert storm.
21:2|A harsh vision is told to me:\n“The betrayer betrays, the destroyer destroys.\nAdvance, Elam! Lay siege, Media!\nI have put an end to all the groaning she caused.”|Preserve repeated treachery and named attackers.
21:3|So my body is filled with anguish;\npangs grip me like a woman in labor.\nI am bent over by what I hear,\nterrified by what I see.|Retain prophet’s physical distress and birth simile.
21:4|My heart reels; horror overwhelms me.\nThe twilight I longed for\nhas become a terror to me.|Preserve desired twilight turned terror.
21:5|Set the table! Spread the coverings!\nEat! Drink!\nRise, commanders! Oil the shield!|Retain abrupt banquet-to-battle shift, uncertain coverings noted.
21:6|For this is what the Lord told me:\n“Go, post a lookout.\nLet him report what he sees.|Keep commission and report instruction.
21:7|When he sees riders, horsemen in pairs,\nriders on donkeys and riders on camels,\nlet him listen intently, very intently.”|Retain paired riders, animals, doubled attention.
21:8|He cried out like a lion:\n“Lord, I stand at the lookout all day long;\nI stay at my post every night.|Keep pinned lion, mark supplied like in note.
21:9|Look, here comes a troop of men,\nhorsemen in pairs!”\nThen he answered,\n“Fallen, fallen is Babylon!\nAll her gods’ carved images\nhe has shattered to the ground.”|Preserve doubled fallen and unidentified shattering agent.
21:10|My threshed people, grain of my threshing floor,\nwhat I heard from the **LORD** of hosts, Israel’s God,\nI have told you.|Keep tender yet violent threshing address.
21:11|An oracle concerning Dumah:\nSomeone calls to me from Seir,\n“Watchman, how much of the night remains?\nWatchman, how much of the night?”|Retain Dumah/Seir and repeated question.
21:12|The watchman says,\n“Morning comes, and also night.\nIf you want to ask, ask.\nReturn; come again.”|Keep ambiguous answer rather than optimistic resolution.
21:13|An oracle concerning Arabia:\nIn Arabia’s thickets you will lodge,\ncaravans of Dedan.|Retain caravans and insecure lodging.
21:14|Bring water to meet the thirsty,\ninhabitants of Tema.\nMeet the fugitive with bread.|Keep practical refugee assistance and place.
21:15|They have fled from swords,\nfrom the drawn sword,\nfrom the bent bow,\nfrom the weight of war.|Retain fourfold flight causes.
21:16|For the Lord said to me, “Within one year, counted like a hired worker’s year, all Kedar’s glory will end.|Preserve one contracted year.
21:17|The remaining archers, the warriors of Kedar, will be few.” The **LORD**, Israel’s God, has spoken.|Keep diminished military and divine seal.
22:1|An oracle concerning the Valley of Vision:\nWhat is happening to you,\nthat all of you have climbed onto the roofs?|Retain title and questioning rooftop scene.
22:2|You are full of uproar,\na noisy city, a town of revelry.\nYour slain were not killed by the sword\nor did they die in battle.|Keep revelry amid nonbattle deaths.
22:3|All your leaders fled together;\nwithout a bow being drawn they were captured.\nAll of you who were found were captured together,\nthough you had fled far away.|Choose without-bow interpretation, note archers alternative.
22:4|So I said, “Look away from me;\nlet me weep bitterly.\nDo not press me to be comforted\nover the devastation of my people’s daughter.”|Preserve grief refusal and daughter image.
22:5|The Lord **GOD** of hosts has a day\nof tumult, trampling, and confusion\nin the Valley of Vision—\nwalls battered down,\ncries reaching the mountains.|Keep threefold chaos and acoustic landscape.
22:6|Elam carries the quiver,\nwith chariots, men, and horsemen;\nKir uncovers the shield.|Retain named forces and weapons.
22:7|Your finest valleys fill with chariots;\nhorsemen take their stand at the gate.|Keep strategic occupation.
22:8|Judah’s defenses are stripped away.\nOn that day you looked to the weapons\nin the House of the Forest.|Preserve exposed protection and named arsenal.
22:9|You saw the many breaches in David’s City\nand collected the water of the lower pool.|Keep military inspection and water source.
22:10|You counted Jerusalem’s houses\nand tore houses down to strengthen the wall.|Retain destruction as defensive tactic.
22:11|You made a reservoir between the two walls\nfor the old pool’s water.\nBut you did not look to its Maker\nor see the one who fashioned it long ago.|Preserve preparations versus neglected Maker.
22:12|On that day the Lord **GOD** of hosts called\nfor weeping and mourning,\nshaved heads and sackcloth.|Retain four mourning actions.
22:13|But look—joy and revelry,\nkilling cattle and slaughtering sheep,\neating meat and drinking wine!\n“Let us eat and drink,\nfor tomorrow we die!”|Keep contrary response and quoted fatalism.
22:14|The **LORD** of hosts revealed this in my hearing: “Surely this guilt will not be atoned for until you die,” says the Lord **GOD** of hosts.|Retain oath severity and both divine titles.
22:15|The Lord **GOD** of hosts says, “Go to this steward, to Shebna, who is in charge of the palace, and say:|Keep office, name, and commission.
22:16|‘What do you have here? Whom do you have here, that you have cut yourself a tomb here—hewing your grave on a height, carving yourself a dwelling in the rock?|Retain repeated here and self-aggrandizing tomb.
22:17|Look, the **LORD** is about to hurl you away, mighty man! He will seize you tightly,|Keep sarcastic mighty address and force.
22:18|wrap you round and round like a ball, and throw you into a broad land. There you will die, and there your splendid chariots will be—you disgrace to your master’s house!|Preserve ball image, exile, and disgrace.
22:19|I will thrust you from your office; he will pull you down from your position.|Retain first/third-person shift rather than harmonize.
22:20|On that day I will call my servant Eliakim son of Hilkiah.|Preserve replacement’s full identity.
22:21|I will clothe him in your robe, bind your sash around him, and place your authority in his hand. He will be a father to Jerusalem’s inhabitants and the house of Judah.|Keep transferred regalia and father metaphor.
22:22|I will place the key of David’s house on his shoulder. What he opens, no one will shut; what he shuts, no one will open.|Retain shoulder-key and reciprocal authority.
22:23|I will drive him like a peg into a firm place, and he will become a throne of honor for his father’s house.|Keep peg/throne mixed imagery.
22:24|On him they will hang all the weight of his father’s house—offspring and offshoots, every small vessel, from bowls to every sort of jar.’|Preserve familial load and vessel range.
22:25|On that day, declares the **LORD** of hosts, the peg driven into a firm place will give way, be cut down, and fall. The load hanging on it will be cut off, for the **LORD** has spoken.”|Keep destabilizing ending and repeated firm peg.
23:1|An oracle concerning Tyre:\nWail, ships of Tarshish!\nIt is devastated, without house or harbor.\nFrom the land of Kittim\nthe news has been revealed to them.|Retain maritime lament and news location.
23:2|Be silent, coastland dwellers,\nwhom Sidon’s merchants, crossing the sea, have filled.|Keep silent audience and merchants’ provision.
23:3|Across great waters came Shihor’s grain,\nthe Nile’s harvest was her income;\nshe became the nations’ marketplace.|Preserve Egyptian grain and international commerce.
23:4|Be ashamed, Sidon,\nfor the sea, the sea’s fortress, has spoken:\n“I have not labored or given birth,\nraised young men or brought up young women.”|Retain sea’s maternal negation and both genders.
23:5|When the report reaches Egypt,\nthey will writhe at the news of Tyre.|Keep Egyptian reaction to trade loss.
23:6|Cross over to Tarshish!\nWail, coastland dwellers!|Retain departure and lament commands.
23:7|Is this your jubilant city,\nwhose beginnings reach back to ancient days,\nwhose feet carried her far away to settle?|Keep ancient city and colonizing feet.
23:8|Who planned this against Tyre,\nthe giver of crowns,\nwhose merchants were princes,\nwhose traders were honored across the earth?|Retain commercial and royal prestige.
23:9|The **LORD** of hosts planned it,\nto profane the pride of every splendor,\nto bring low all the earth’s honored people.|Keep divine planning and humiliation.
23:10|Flow across your land like the Nile,\ndaughter Tarshish;\nthere is no restraint anymore.|Preserve river image and difficult restraint noun.
23:11|He stretched his hand over the sea\nand shook kingdoms.\nThe **LORD** gave orders concerning Canaan\nto destroy its strongholds.|Keep hand, kingdoms, and Canaan.
23:12|He said, “You will rejoice no more,\noppressed virgin daughter Sidon.\nRise, cross over to Kittim;\neven there you will find no rest.”|Retain violated city image and failed refuge.
23:13|Look at the land of the Chaldeans!\nThis people is no more.\nAssyria made it a home for desert creatures.\nThey raised siege towers, stripped its palaces,\nand made it a ruin.|Choose Assyria-destroying reading, note difficult syntax.
23:14|Wail, ships of Tarshish!\nYour stronghold is devastated.|Match opening maritime refrain.
23:15|On that day Tyre will be forgotten for seventy years, like the lifetime of one king. At the end of seventy years, Tyre will be like the prostitute in the song:|Retain doubled seventy and comparison.
23:16|“Take a lyre, go round the city,\nforgotten prostitute!\nPlay skillfully, sing many songs,\nso you may be remembered.”|Preserve quoted song and memory reversal.
23:17|At the end of seventy years the **LORD** will attend to Tyre. She will return to her earnings and prostitute herself with all the world’s kingdoms on the face of the earth.|Retain prostitution as international trade metaphor.
23:18|Yet her trade and earnings will be holy to the **LORD**. They will not be stored or hoarded; her trade will provide those who dwell before the **LORD** with abundant food and fine clothing.|Keep surprising consecrated earnings and material uses.
