12:1|Meanwhile, a crowd of many thousands gathered, so that they were trampling one another. Jesus began by speaking first to his disciples: “Guard yourselves against the yeast of the Pharisees, which is hypocrisy.|Keeps the immense crowd, physical pressure, priority to the disciples, and yeast-hypocrisy identification.
12:2|Nothing is concealed that will not be revealed, or hidden that will not become known.|Preserves the paired concealed/revealed and hidden/known claims.
12:3|So whatever you have said in the dark will be heard in the light, and what you have whispered in private rooms will be proclaimed from the rooftops.|Makes the private-to-public movement audible while retaining darkness, light, and rooftops.
12:4|I tell you, my friends, do not fear those who kill the body and after that can do nothing more.|Retains Jesus’ address as friends and the killers’ limited power.
12:5|But I will show you whom to fear: fear the one who, after killing, has authority to throw into Gehenna. Yes, I tell you, fear him.|Preserves death, authority, Gehenna, repetition, and the unresolved identity in the wording.
12:6|Are not five sparrows sold for two small coins? Yet not one of them is forgotten before God.|Keeps the exact numbers, low price, and divine remembrance.
12:7|Why, even the hairs of your head are all counted. Do not be afraid; you are worth more than many sparrows.|Retains the concrete image, reassurance, and comparison.
12:8|I tell you, everyone who acknowledges me before others, the Son of Man will also acknowledge before God’s angels.|Preserves reciprocal public acknowledgment and the heavenly audience.
12:9|But whoever denies me before others will be denied before God’s angels.|Keeps the contrasting reciprocal denial.
12:10|Everyone who speaks a word against the Son of Man will be forgiven, but whoever blasphemes against the Holy Spirit will not be forgiven.|Retains the asymmetry and explicit forgiveness language.
12:11|When they bring you before synagogues, rulers, and authorities, do not worry about how to defend yourselves or what to say,|Names all three forums and the two concerns without softening the legal setting.
12:12|for the Holy Spirit will teach you at that very hour what you must say.”|Keeps the Spirit’s timely instruction and necessity.
12:13|Someone in the crowd said to him, “Teacher, tell my brother to divide the inheritance with me.”|Preserves the familial dispute and direct demand.
12:14|But Jesus replied, “Man, who appointed me judge or arbitrator over you?”|Keeps the blunt address and both judicial roles.
12:15|Then he said to them, “Watch out and guard yourselves against every kind of greed, because a person’s life does not come from having an abundance of possessions.”|Retains double warning, all greed, life, abundance, and possessions.
12:16|He told them a parable: “A rich man’s land produced an abundant crop.|Keeps wealth, land, and fruitfulness as the setup.
12:17|He thought to himself, ‘What should I do? I have nowhere to store my crops.’|Preserves interior deliberation and storage problem.
12:18|Then he said, ‘This is what I will do: I will tear down my barns and build larger ones, and there I will store all my grain and goods.|Keeps demolition, enlargement, and comprehensive hoarding.
12:19|Then I will say to myself, “You have many goods stored up for many years. Rest, eat, drink, and enjoy yourself.”’|Retains self-address, long security, and four imperatives.
12:20|But God said to him, ‘Fool! This very night your life is being demanded back from you. Then who will have what you prepared?’|Preserves the divine address, immediate death, demanding-back image, and ownership question.
12:21|So it is with the one who stores up treasure for himself but is not rich toward God.”|Keeps self-directed accumulation contrasted with wealth toward God.
12:22|Then Jesus said to his disciples, “Therefore I tell you, do not worry about your life—what you will eat—or about your body—what you will wear.|Preserves the inference and parallel life/body needs.
12:23|For life is more than food, and the body more than clothing.|Keeps both comparative claims.
12:24|Consider the ravens: they neither sow nor reap; they have no storeroom or barn, yet God feeds them. How much more valuable you are than birds!|Retains ravens, agricultural and storage details, divine feeding, and comparison.
12:25|Which of you by worrying can add a cubit to your span of life?|Preserves the source’s measurement image and its possible life-span sense.
12:26|If, then, you cannot do even this very small thing, why worry about the rest?|Keeps the argument from inability and calls the task small.
12:27|Consider how the lilies grow: they neither labor nor spin. Yet I tell you, not even Solomon in all his glory was clothed like one of these.|Preserves flowers, work images, Solomon, glory, and clothing comparison.
12:28|If God clothes the grass this way—alive in the field today and thrown into an oven tomorrow—how much more will he clothe you, you of little faith!|Keeps grass’s brevity, oven, divine provision, and rebuke.
12:29|So do not keep seeking what you will eat and drink, and do not be anxious.|Retains the ongoing pursuit and unsettled anxiety.
12:30|For all the nations of the world pursue these things, and your Father knows that you need them.|Preserves nations’ pursuit, Father language, and known need.
12:31|Instead, seek his kingdom, and these things will be given to you as well.|Keeps the priority and promised addition.
12:32|Do not be afraid, little flock, because your Father has been pleased to give you the kingdom.|Retains tenderness, flock image, Father’s pleasure, and gift.
12:33|Sell your possessions and give to those in need. Make purses for yourselves that do not wear out—an unfailing treasure in heaven, where no thief comes near and no moth destroys.|Keeps the concrete economic commands and thief-moth heavenly contrast.
12:34|For where your treasure is, there your heart will be also.|Preserves treasure-heart relation.
12:35|Be dressed and ready, with your lamps burning,|Renders girded waists naturally while retaining readiness and lamps.
12:36|like servants waiting for their master to return from a wedding feast, so that when he comes and knocks they can open the door for him at once.|Keeps servants, delayed wedding return, knock, and immediate welcome.
12:37|Blessed are those servants whom the master finds awake when he comes. Truly I tell you, he will dress himself to serve, have them recline at the table, and come serve them.|Preserves reversal in which the master serves the watchful servants.
12:38|Even if he comes in the second or third watch of the night and finds them ready, those servants are blessed.|Keeps both night watches and continued readiness.
12:39|But understand this: if the homeowner had known at what hour the thief was coming, he would not have let his house be broken into.|Retains unexpected thief, precise hour, and breached house.
12:40|You also must be ready, because the Son of Man is coming at an hour you do not expect.”|Keeps readiness, unexpected time, and present-future force.
12:41|Peter asked, “Lord, are you telling this parable to us, or to everyone?”|Preserves named speaker and audience question.
12:42|The Lord replied, “Who then is the faithful and wise manager whom the master will put in charge of his household servants to give them their food allowance at the proper time?|Keeps stewardship, household responsibility, and timely food distribution.
12:43|Blessed is that servant whom his master finds doing so when he comes.|Retains blessing on active faithfulness.
12:44|Truly I tell you, he will put that servant in charge of all his possessions.|Keeps solemn assurance and enlarged trust.
12:45|But suppose that servant says in his heart, ‘My master is taking a long time to come,’ and begins to beat the male and female servants, and to eat, drink, and get drunk.|Names abuse of both men and women and the servant’s indulgence without softening harm.
12:46|That servant’s master will come on a day he does not expect and at an hour he does not know. He will cut him in two and assign him a place with the unfaithful.|Retains surprise, violent judgment image, and association with the unfaithful.
12:47|That servant who knew his master’s will but did not prepare or act according to it will receive many blows.|Keeps knowledge, failure to prepare and obey, and severe punishment.
12:48|But the one who did not know and did things deserving blows will receive few. From everyone who has been given much, much will be required; and from the one entrusted with much, even more will be demanded.|Preserves degrees of responsibility, corporal image, gift, trust, and demand.
12:49|“I came to cast fire on the earth, and how I wish it were already kindled!|Retains the disruptive fire image and difficult expression of desire.
12:50|But I have a baptism to undergo, and how distressed I am until it is completed!|Keeps baptism as impending ordeal, constraint, and completion.
12:51|Do you think I came to bring peace on the earth? No, I tell you, but division.|Preserves the startling denial and division.
12:52|From now on, five people in one household will be divided, three against two and two against three.|Keeps exact household number and balanced opposition.
12:53|They will be divided: father against son and son against father, mother against daughter and daughter against mother, mother-in-law against her daughter-in-law and daughter-in-law against mother-in-law.”|Retains every reciprocal family division and specific relationships.
12:54|He also said to the crowds, “When you see a cloud rising in the west, you immediately say, ‘A rainstorm is coming,’ and so it happens.|Keeps western cloud, immediate forecast, and fulfillment.
12:55|And when the south wind blows, you say, ‘It will be scorching hot,’ and it happens.|Preserves wind direction and heat.
12:56|Hypocrites! You know how to interpret the appearance of earth and sky, but why do you not know how to interpret this present time?|Retains accusation and weather-time contrast.
12:57|Why do you not judge for yourselves what is right?|Keeps direct appeal to moral judgment.
12:58|As you go with your accuser before a ruler, make every effort along the way to settle with him. Otherwise he may drag you before the judge, the judge hand you over to the officer, and the officer throw you into prison.|Preserves legal sequence, urgency, and escalating custody.
12:59|I tell you, you will certainly not get out until you have paid the very last small coin.”|Keeps emphatic negation and exacting final payment.
13:1|At that very time, some people arrived and told Jesus about the Galileans whose blood Pilate had mixed with their sacrifices.|Preserves timing, Pilate’s violence, blood, and sacrificial setting.
13:2|He answered them, “Do you think these Galileans were worse sinners than all other Galileans because they suffered this way?|Keeps the comparison and rejects suffering as proof of greater sin.
13:3|No, I tell you. But unless you repent, you will all perish in the same way.|Preserves denial, repentance, universality, and warning.
13:4|Or those eighteen people on whom the tower in Siloam fell and killed them—do you think they were more guilty than everyone else living in Jerusalem?|Keeps exact number, location, accidental death, and guilt comparison.
13:5|No, I tell you. But unless you repent, you will all perish likewise.”|Retains repeated denial and warning.
13:6|Then he told this parable: “A man had a fig tree planted in his vineyard. He came looking for fruit on it but found none.|Preserves fig tree, vineyard, search, and barrenness.
13:7|He said to the vineyard worker, ‘Look, for three years I have come looking for fruit on this fig tree and found none. Cut it down! Why should it keep wasting the soil?’|Keeps exact time, repeated search, command, and land-use complaint.
13:8|But the worker answered, ‘Sir, leave it alone for one more year, until I dig around it and spread manure.|Retains intercession, one-year delay, digging, and manure.
13:9|If it bears fruit next year, well and good. If not, you can cut it down.’”|Preserves conditional reprieve and unresolved ending.
13:10|Jesus was teaching in one of the synagogues on the Sabbath.|Keeps synagogue setting and Sabbath timing.
13:11|There was a woman who for eighteen years had a spirit that caused weakness. She was bent over and could not straighten up at all.|Retains her gender, exact duration, spirit, bodily condition, and inability.
13:12|When Jesus saw her, he called her over and said, “Woman, you are released from your weakness.”|Keeps Jesus’ initiative, respectful address, and release language.
13:13|He placed his hands on her, and immediately she stood straight and began glorifying God.|Retains touch, immediacy, bodily restoration, and praise.
13:14|But the synagogue leader, indignant because Jesus had healed on the Sabbath, said to the crowd, “There are six days on which work should be done. Come and be healed on those days, not on the Sabbath day.”|Preserves leader’s indirect rebuke, six days, and crowd address.
13:15|The Lord answered him, “Hypocrites! Does not each of you untie his ox or donkey from the feeding trough on the Sabbath and lead it out to give it water?|Keeps plural accusation, both animals, untying, trough, and water.
13:16|Then should not this woman—a daughter of Abraham whom Satan bound for eighteen years—be released from this bondage on the Sabbath day?”|Retains her covenant identity, Satan’s binding, duration, and release argument.
13:17|When he said these things, all his opponents were put to shame, while the whole crowd rejoiced at all the glorious things he was doing.|Preserves contrasting responses and comprehensive joy.
13:18|Then Jesus said, “What is the kingdom of God like, and to what can I compare it?|Keeps double comparison question.
13:19|It is like a mustard seed that a man took and planted in his garden. It grew and became a tree, and the birds of the sky nested in its branches.”|Retains tiny seed, garden, surprising tree, and nesting birds.
13:20|Again he said, “To what can I compare the kingdom of God?|Keeps repeated framing question.
13:21|It is like yeast that a woman took and hid in three measures of flour until all of it was leavened.”|Preserves woman’s action, hidden yeast, exact amount, and total effect.
13:22|Jesus traveled through towns and villages, teaching as he made his way toward Jerusalem.|Keeps continuing journey, teaching, and Jerusalem direction.
13:23|Someone asked him, “Lord, will only a few be saved?” He said to them,|Preserves question and shift from one asker to plural audience.
13:24|“Strive to enter through the narrow door, because many, I tell you, will try to enter and will not be able.|Retains strenuous effort, narrow door, many, and inability.
13:25|Once the homeowner gets up and shuts the door, you will stand outside and begin knocking, saying, ‘Lord, open the door for us!’ But he will answer, ‘I do not know where you come from.’|Keeps closed-door sequence, plea, and denied origin.
13:26|Then you will begin to say, ‘We ate and drank in your presence, and you taught in our streets.’|Preserves claimed table and public-teaching familiarity.
13:27|But he will tell you, ‘I do not know where you come from. Get away from me, all you workers of injustice!’|Keeps repeated refusal and injustice rather than vague evil.
13:28|There will be weeping and grinding of teeth when you see Abraham, Isaac, Jacob, and all the prophets in the kingdom of God, but yourselves thrown outside.|Retains grief image, named ancestors, prophets, kingdom, and exclusion.
13:29|People will come from east and west, from north and south, and recline at the table in the kingdom of God.|Keeps four directions and banquet posture.
13:30|And look: some who are last will be first, and some who are first will be last.”|Preserves reversal with qualified “some.”
13:31|At that time some Pharisees came and told him, “Leave and go away from here, because Herod wants to kill you.”|Keeps Pharisees’ warning, movement, Herod, and lethal threat.
13:32|He replied, “Go tell that fox, ‘Look, I am driving out demons and completing healings today and tomorrow, and on the third day I reach my goal.’|Retains fox insult, ministries, three-day sequence, and completion ambiguity.
13:33|Nevertheless, I must continue on my way today, tomorrow, and the following day, because it is not possible for a prophet to perish outside Jerusalem.|Keeps divine necessity, repeated days, journey, prophet, and Jerusalem irony.
13:34|Jerusalem, Jerusalem, you who kill the prophets and stone those sent to you! How often I wanted to gather your children as a hen gathers her brood under her wings, but you were unwilling.|Preserves lament, violence, maternal bird image, desire, and refusal.
13:35|Look, your house is left to you. I tell you, you will certainly not see me until the time comes when you say, ‘Blessed is the one who comes in the name of the Lord.’”|Keeps abandoned house, emphatic interval, and scriptural acclamation.
14:1|One Sabbath, Jesus went to eat at the home of a leading Pharisee, and they were watching him closely.|Preserves Sabbath meal, host’s status, and surveillance.
14:2|There in front of him was a man whose body was swollen with fluid.|Makes the ancient condition intelligible without imposing a modern diagnosis.
14:3|Jesus asked the legal experts and Pharisees, “Is it lawful to heal on the Sabbath or not?”|Names both groups and preserves the binary legal question.
14:4|But they remained silent. Jesus took hold of the man, healed him, and sent him away.|Keeps silence, physical contact, healing, and release.
14:5|Then he said to them, “If your son or your ox falls into a well, which of you will not immediately pull him out on the Sabbath day?”|Retains variant-marked son, ox, well, immediacy, and Sabbath.
14:6|They were unable to answer him about these things.|Keeps their inability to reply.
14:7|When Jesus noticed how the invited guests were choosing the places of honor, he told them a parable:|Preserves observation, invited audience, and status-seeking.
14:8|“When someone invites you to a wedding feast, do not recline in the place of honor. Someone more distinguished than you may have been invited,|Keeps banquet posture, honor, and comparative status.
14:9|and the host who invited both of you may come and say, ‘Give this person your place.’ Then in shame you will begin to take the lowest place.|Preserves host’s command, shame, and downward movement.
14:10|Instead, when you are invited, go and recline in the lowest place. Then when your host comes, he will say to you, ‘Friend, move up higher.’ You will be honored in front of all who are reclining with you.|Keeps deliberate low place, friendly invitation upward, and public honor.
14:11|For everyone who exalts himself will be humbled, and whoever humbles himself will be exalted.”|Retains reciprocal reversal and singular reflexives.
14:12|Then Jesus said to the man who had invited him, “When you give a luncheon or dinner, do not invite your friends, brothers, relatives, or rich neighbors, in case they invite you in return and you are repaid.|Keeps both meals, four favored groups, reciprocity, and repayment.
14:13|But when you give a banquet, invite people who are poor, disabled, lame, or blind.|Preserves the four marginalized groups without euphemizing their conditions.
14:14|Then you will be blessed, because they cannot repay you; you will be repaid at the resurrection of the righteous.”|Keeps inability to reciprocate, blessing, and eschatological repayment.
14:15|When one of the guests heard this, he said to Jesus, “Blessed is the one who will eat bread in the kingdom of God!”|Retains banquet context, bread idiom, and blessing.
14:16|Jesus replied, “A man was preparing a great dinner and invited many guests.|Keeps scale, preparation, and broad invitation.
14:17|At dinner time he sent his servant to tell those who had been invited, ‘Come, because everything is now ready.’|Preserves two-stage invitation and readiness.
14:18|But they all alike began to make excuses. The first said, ‘I bought a field and must go see it. Please excuse me.’|Keeps collective refusal and first property excuse.
14:19|Another said, ‘I bought five pairs of oxen and am going to test them. Please excuse me.’|Retains exact count and agricultural purchase.
14:20|Still another said, ‘I just got married, so I cannot come.’|Keeps marriage and blunt refusal.
14:21|The servant returned and reported these things to his master. Then the homeowner became angry and told his servant, ‘Go quickly into the city’s streets and lanes and bring in here the poor, disabled, blind, and lame.’|Preserves report, anger, urgency, urban spaces, and invited groups.
14:22|The servant said, ‘Sir, what you ordered has been done, and there is still room.’|Keeps obedience and remaining capacity.
14:23|Then the master told the servant, ‘Go out to the roads and hedges and urge people to come in, so that my house will be filled.|Renders compel as strong invitation without authorizing coercion, retaining roads, hedges, and full house.
14:24|For I tell you, not one of those men who were invited will taste my dinner.’”|Keeps plural audience shift, exclusion, and tasting image.
14:25|Large crowds were traveling with Jesus. He turned and said to them,|Preserves crowd size, shared journey, and direct address.
14:26|“If anyone comes to me and does not hate his own father and mother, wife and children, brothers and sisters—yes, even his own life—he cannot be my disciple.|Retains the deliberately severe “hate,” every relationship, gendered referent, and self-life.
14:27|Whoever does not carry his own cross and come after me cannot be my disciple.|Keeps personal cross, movement after Jesus, and inability.
14:28|Which of you, wanting to build a tower, does not first sit down and calculate the cost to see whether he has enough to finish it?|Preserves deliberation, cost, and completion.
14:29|Otherwise, after he lays a foundation but cannot finish, everyone watching will begin to ridicule him,|Keeps unfinished construction and public mockery.
14:30|saying, ‘This man began to build but could not finish.’|Retains concise public verdict.
14:31|Or what king, going to meet another king in war, will not first sit down and consider whether he can oppose with ten thousand the one coming against him with twenty thousand?|Keeps both kings, exact troop numbers, war, and calculation.
14:32|If he cannot, while the other is still far away he sends a delegation to ask for terms of peace.|Preserves distance, embassy, and peace request.
14:33|In the same way, none of you who does not renounce all his possessions can be my disciple.|Keeps universal demand and total renunciation.
14:34|Salt is good, but if even salt loses its taste, how will its saltiness be restored?|Retains salt image and impossible-restoration question within Jesus’ continuing speech.
14:35|It is fit neither for the soil nor for the manure pile; people throw it out. Let anyone who has ears to hear listen.”|Keeps both unsuitable uses, disposal, and hearing summons.
15:1|All the tax collectors and sinners were coming near to Jesus to hear him.|Preserves comprehensive marginalized audience and purpose.
15:2|But the Pharisees and scribes kept grumbling, “This man welcomes sinners and eats with them.”|Keeps both groups, ongoing complaint, welcome, and table fellowship.
15:3|So he told them this parable:|Retains the critics as the parable’s audience.
15:4|“Which one of you, having a hundred sheep and losing one of them, does not leave the ninety-nine in the wilderness and go after the lost one until he finds it?|Keeps exact counts, wilderness, pursuit, and persistence.
15:5|When he finds it, he joyfully puts it on his shoulders,|Preserves rescue, physical carrying, and joy.
15:6|comes home, and calls together his friends and neighbors, saying, ‘Rejoice with me, because I have found my lost sheep!’|Keeps communal celebration and repeated lost-found language.
15:7|I tell you, in the same way there will be more joy in heaven over one sinner who repents than over ninety-nine righteous people who have no need of repentance.|Retains exact numbers, repentance, heaven, and provocative comparison.
15:8|Or what woman, having ten silver coins and losing one, does not light a lamp, sweep the house, and search carefully until she finds it?|Keeps female protagonist, exact numbers, and full search sequence.
15:9|When she finds it, she calls together her friends and neighbors and says, ‘Rejoice with me, because I have found the coin I lost!’|Preserves women friends and neighbors, joy, and lost-found repetition.
15:10|In the same way, I tell you, there is joy before the angels of God over one sinner who repents.”|Keeps heavenly joy, angels, one sinner, and repentance.
15:11|Then Jesus said, “A man had two sons.|Preserves the two-son frame.
15:12|The younger one said to his father, ‘Father, give me the share of the estate that belongs to me.’ So the father divided his property between them.|Keeps demand, inheritance share, and division to both sons.
15:13|Not many days later, the younger son gathered everything together and traveled to a distant country. There he squandered his estate in reckless living.|Preserves liquidation, distance, dissipation, and moral waste.
15:14|After he had spent everything, a severe famine struck that country, and he began to be in need.|Keeps total loss, regional famine, and growing deprivation.
15:15|So he went and attached himself to one of that country’s citizens, who sent him into his fields to feed pigs.|Retains dependence on a citizen, fields, and degrading animal work.
15:16|He longed to fill his stomach with the pods the pigs were eating, but no one gave him anything.|Keeps bodily hunger, pig food, and social abandonment.
15:17|When he came to his senses, he said, ‘How many of my father’s hired workers have more than enough bread, while I am dying of hunger here!|Preserves inward turning, hired workers, abundance, and his mortal hunger.
15:18|I will get up, go to my father, and say to him, “Father, I have sinned against heaven and before you.|Keeps resolved movement and confession to heaven and father.
15:19|I am no longer worthy to be called your son. Make me like one of your hired workers.”’|Retains lost status and proposed hired position.
15:20|So he got up and went to his father. While he was still far away, his father saw him and was moved with compassion. He ran, threw his arms around his neck, and kissed him tenderly.|Preserves father’s initiative, compassion, undignified run, embrace, and repeated kiss.
15:21|The son said to him, ‘Father, I have sinned against heaven and before you. I am no longer worthy to be called your son.’|Keeps confession while omitting the rehearsed hired-worker request absent here.
15:22|But the father said to his servants, ‘Quickly, bring out the best robe and put it on him. Put a ring on his hand and sandals on his feet.|Preserves urgency and all three signs of restored belonging.
15:23|Bring the fattened calf and slaughter it. Let us eat and celebrate,|Keeps costly animal, slaughter, meal, and shared joy.
15:24|because this son of mine was dead and is alive again; he was lost and has been found.’ And they began to celebrate.|Retains dead-alive and lost-found pairs and enacted celebration.
15:25|Now his older son was in the field. As he came near the house, he heard music and dancing.|Keeps older son, work setting, approach, and sounds.
15:26|He called one of the servants and asked what these things meant.|Preserves inquiry through a servant.
15:27|The servant told him, ‘Your brother has come, and your father has slaughtered the fattened calf because he received him back safe and sound.’|Keeps brother-father relations, costly feast, and healthy return.
15:28|The older son became angry and refused to go in. So his father came out and pleaded with him.|Preserves anger, refusal, father’s second outward movement, and appeal.
15:29|But he answered his father, ‘Look, I have served you like a slave for all these years and never disobeyed your command. Yet you never gave me even a young goat so I could celebrate with my friends.|Keeps his slavery language, obedience claim, denied goat, and friends.
15:30|But when this son of yours came back after devouring your property with prostitutes, you slaughtered the fattened calf for him!’|Preserves distancing phrase, accusation, sexual detail, property, and feast contrast.
15:31|The father said to him, ‘Child, you are always with me, and everything I have is yours.|Keeps tender address, abiding presence, and shared estate.
15:32|But we had to celebrate and rejoice, because this brother of yours was dead and is alive; he was lost and has been found.’”|Restores “your brother” and repeats necessity, death-life, and lost-found closure.
16:1|Jesus also said to his disciples, “There was a rich man who had a manager, and charges were brought to him that this manager was wasting his possessions.|Keeps audience, wealth, managerial role, accusation, and waste.
16:2|So he called him in and said, ‘What is this I hear about you? Give an account of your management, because you can no longer be manager.’|Preserves summons, demand for accounting, and dismissal.
16:3|The manager said to himself, ‘What will I do, since my master is taking the management away from me? I am not strong enough to dig, and I am ashamed to beg.|Keeps interior deliberation and both rejected options.
16:4|I know what I will do so that, when I am removed from management, people will welcome me into their homes.’|Retains strategy, impending removal, and desired hospitality.
16:5|He summoned each of his master’s debtors and asked the first, ‘How much do you owe my master?’|Keeps individual summons and debt relation.
16:6|He answered, ‘A hundred measures of olive oil.’ The manager told him, ‘Take your bill, sit down quickly, and write fifty.’|Preserves commodity, exact amounts, document, and urgency.
16:7|Then he asked another, ‘And how much do you owe?’ He replied, ‘A hundred measures of wheat.’ The manager told him, ‘Take your bill and write eighty.’|Keeps second commodity and distinct reduction.
16:8|The master praised the dishonest manager because he had acted shrewdly. For the children of this age are more shrewd in dealing with their own generation than the children of light are.|Retains praise for shrewdness without approving dishonesty and preserves two groups.
16:9|And I tell you, make friends for yourselves by means of dishonest wealth, so that when it fails they may welcome you into eternal dwellings.|Keeps difficult wealth phrase, failure, friendship, and eternal tents.
16:10|Whoever is faithful with very little is also faithful with much, and whoever is dishonest with very little is also dishonest with much.|Preserves parallel little/much test and character terms.
16:11|So if you have not been faithful with dishonest wealth, who will entrust true riches to you?|Keeps conditional contrast between wealth and the true.
16:12|And if you have not been faithful with what belongs to another, who will give you what is your own?|Retains another’s property versus one’s own.
16:13|No household servant can serve two masters. Either he will hate one and love the other, or he will be devoted to one and despise the other. You cannot serve God and wealth.”|Keeps household setting, paired alternatives, and exclusive service.
16:14|The Pharisees, who loved money, heard all this and ridiculed him.|Preserves motive, comprehensive hearing, and contempt.
16:15|He said to them, “You are the ones who justify yourselves before people, but God knows your hearts. What people highly esteem is detestable before God.|Keeps public self-justification, divine heart knowledge, and value reversal.
16:16|The Law and the Prophets were proclaimed until John. Since then the good news of God’s kingdom is announced, and everyone presses forcefully into it.|Preserves temporal hinge and the difficult forceful-entry language without overexplaining it.
16:17|But it is easier for heaven and earth to pass away than for one stroke of a letter in the Law to fall.|Keeps cosmic comparison and tiny written mark.
16:18|Everyone who divorces his wife and marries another woman commits adultery, and a man who marries a woman divorced from her husband commits adultery.|Retains gender-specific relationships and repeated adultery claim.
16:19|“There was a rich man who dressed in purple and fine linen and feasted splendidly every day.|Keeps conspicuous clothing, luxury, and daily excess.
16:20|A poor man named Lazarus, covered with sores, had been laid at his gate.|Preserves Lazarus’s name, poverty, sores, passivity, and proximity.
16:21|He longed to be filled with what fell from the rich man’s table. Even the dogs came and licked his sores.|Keeps hunger, table scraps, dogs, and bodily humiliation.
16:22|The poor man died and was carried by the angels to Abraham’s side. The rich man also died and was buried.|Preserves contrasting deaths, angels, Abraham, and burial.
16:23|In Hades, where he was in torment, the rich man looked up and saw Abraham far away with Lazarus at his side.|Keeps Hades, torment, distance, and reversed proximity.
16:24|He called out, ‘Father Abraham, have mercy on me! Send Lazarus to dip the tip of his finger in water and cool my tongue, because I am in agony in this flame.’|Preserves kinship claim, request using Lazarus as servant, tiny water amount, and suffering.
16:25|But Abraham said, ‘Child, remember that during your life you received your good things, while Lazarus likewise received bad things. But now he is comforted here, and you are in agony.|Keeps tender address, remembered reversal, and contrasting present conditions.
16:26|Besides all this, a great chasm has been fixed between us and you, so that those who want to cross from here to you cannot, nor can anyone cross from there to us.’|Preserves fixed barrier, desire, and two-way impossibility.
16:27|He said, ‘Then I beg you, father, send Lazarus to my father’s house,|Keeps continued instrumental treatment of Lazarus and family appeal.
16:28|because I have five brothers. Let him warn them so that they do not also come to this place of torment.’|Retains exact number, warning, and feared destination.
16:29|But Abraham said, ‘They have Moses and the Prophets; let them listen to them.’|Keeps scriptural witnesses and hearing imperative.
16:30|He replied, ‘No, Father Abraham, but if someone from the dead goes to them, they will repent.’|Preserves rejection, resurrection sign, and repentance claim.
16:31|Abraham told him, ‘If they do not listen to Moses and the Prophets, neither will they be persuaded even if someone rises from the dead.’”|Keeps hearing-persuasion relation and resurrection conclusion.
17:1|Jesus said to his disciples, “Stumbling blocks are certain to come, but woe to the person through whom they come!|Retains inevitability, harm, and personal responsibility.
17:2|It would be better for him if a millstone were hung around his neck and he were thrown into the sea than for him to cause one of these little ones to stumble.|Preserves violent warning, millstone, sea, and protection of one little one.
17:3|Watch yourselves. If your brother sins, rebuke him; and if he repents, forgive him.|Keeps self-watch, confrontation, repentance, and forgiveness.
17:4|Even if he sins against you seven times in a day and returns to you seven times saying, ‘I repent,’ you must forgive him.”|Retains exact repetition, personal offense, return, and command.
17:5|The apostles said to the Lord, “Increase our faith!”|Preserves speakers, title, and request.
17:6|The Lord replied, “If you had faith like a mustard seed, you could say to this mulberry tree, ‘Be uprooted and planted in the sea,’ and it would obey you.|Keeps small-seed comparison, mulberry tree, impossible command, and obedience.
17:7|“Suppose one of you has a servant plowing or tending sheep. When he comes in from the field, will you say to him, ‘Come at once and recline at the table’?|Preserves agricultural service and socially expected rhetorical question.
17:8|Will you not instead tell him, ‘Prepare my dinner, dress yourself to serve me, and wait on me while I eat and drink; afterward you may eat and drink’?|Keeps order, service posture, master’s meal, and servant’s delayed meal.
17:9|Does the master thank the servant because he did what he was ordered to do?|Retains question about obligation rather than gratitude.
17:10|So you also, when you have done everything you were ordered to do, should say, ‘We are servants who deserve no special credit; we have only done what we were obligated to do.’”|Preserves humble status and duty without implying worthlessness as persons.
17:11|On the way to Jerusalem, Jesus was passing along the border between Samaria and Galilee.|Keeps journey destination and difficult between-regions geography.
17:12|As he entered a village, ten men with a skin disease met him. They stood at a distance|Retains exact number, men, condition, meeting, and distance.
17:13|and called out loudly, “Jesus, Master, have mercy on us!”|Keeps names, title, loud plea, and plural need.
17:14|When he saw them, he said, “Go show yourselves to the priests.” As they went, they were cleansed.|Preserves seeing, priestly inspection, obedient movement, and cleansing en route.
17:15|When one of them saw that he was healed, he came back, glorifying God with a loud voice.|Keeps one, perception, return, healing, and loud praise.
17:16|He fell facedown at Jesus’ feet and thanked him. He was a Samaritan.|Preserves posture, gratitude, and climactic identity.
17:17|Jesus responded, “Were not all ten cleansed? Where are the other nine?|Keeps exact numbers and searching questions.
17:18|Was no one found to return and give glory to God except this foreigner?”|Retains outsider label, return, and divine glory.
17:19|Then he said to the man, “Get up and go. Your faith has saved you.”|Keeps bodily command and broad save/heal language.
17:20|When the Pharisees asked when the kingdom of God was coming, Jesus answered, “The kingdom of God does not come in a way that can be closely observed.|Preserves question, coming, and non-observable manner.
17:21|People will not say, ‘Look, here it is!’ or ‘There it is!’ For look, the kingdom of God is among you.”|Renders entos as among this hostile plural audience while retaining deictic contrast.
17:22|Then he said to the disciples, “Days are coming when you will long to see one of the days of the Son of Man, but you will not see it.|Keeps future longing, one day, and absence.
17:23|People will tell you, ‘Look, there!’ or ‘Look, here!’ Do not go out or chase after them.|Preserves false-location cries and two prohibitions.
17:24|For just as lightning flashes and lights up the sky from one end to the other, so will the Son of Man be in his day.|Keeps visible lightning analogy and variant-marked “his day.”
17:25|But first he must suffer many things and be rejected by this generation.|Retains priority, necessity, suffering, and generational rejection.
17:26|Just as it was in the days of Noah, so it will also be in the days of the Son of Man.|Keeps temporal analogy and title.
17:27|People were eating, drinking, marrying, and being given in marriage until the day Noah entered the ark. Then the flood came and destroyed them all.|Preserves ordinary activities, Noah, ark, sudden flood, and total destruction.
17:28|It was the same in the days of Lot: people were eating and drinking, buying and selling, planting and building.|Keeps all six ordinary activities and Lot frame.
17:29|But on the day Lot left Sodom, fire and sulfur rained from heaven and destroyed them all.|Retains Sodom, exact timing, fire, sulfur, heaven, and destruction.
17:30|It will be the same on the day the Son of Man is revealed.|Keeps analogy, day, and revelation.
17:31|On that day, anyone on the housetop whose belongings are inside the house must not go down to get them. Likewise, anyone in the field must not turn back.|Preserves locations, possessions, urgency, and two prohibitions.
17:32|Remember Lot’s wife.|Keeps stark memorial warning.
17:33|Whoever seeks to preserve his life will lose it, but whoever loses his life will keep it alive.|Retains save/lose paradox and singular referent.
17:34|I tell you, on that night two people will be in one bed; one will be taken and the other left.|Keeps night, one bed, pair, and unresolved taken/left contrast.
17:35|Two women will be grinding grain together; one will be taken and the other left.”|Retains female workers and repeated contrast.
17:37|The disciples asked him, “Where, Lord?” He replied, “Where the body is, there the vultures will gather.”|Preserves absent public verse 36, question, corpse/body, and ominous birds.
18:1|Then Jesus told them a parable about their need always to pray and not lose heart.|Keeps narrator’s explicit purpose.
18:2|He said, “In a certain city there was a judge who neither feared God nor respected people.|Preserves city, office, and two moral failures.
18:3|There was also a widow in that city who kept coming to him, saying, ‘Give me justice against my opponent.’|Keeps widow’s vulnerability, persistence, and legal demand.
18:4|For some time he refused. But afterward he said to himself, ‘Although I neither fear God nor respect people,|Retains delay and judge’s self-confessed character.
18:5|because this widow keeps bothering me, I will give her justice, so that she will not wear me out by continually coming.’”|Preserves self-interested motive and difficult striking/wearing-out idiom.
18:6|The Lord said, “Listen to what the unjust judge says.|Keeps speaker title and demand to attend to injustice.
18:7|Will God not certainly give justice to his chosen people who cry out to him day and night? Will he delay long over them?|Preserves divine contrast, chosen ones, continual cry, justice, and patience question.
18:8|I tell you, he will give them justice quickly. Nevertheless, when the Son of Man comes, will he find faith on the earth?”|Keeps assurance, speed, contrasting question, coming, and faith.
18:9|He also told this parable to some who trusted in themselves that they were righteous and treated everyone else with contempt:|Preserves targeted self-trust, righteousness claim, and contempt.
18:10|“Two men went up to the temple to pray, one a Pharisee and the other a tax collector.|Keeps number, gender, temple ascent, purpose, and identities.
18:11|The Pharisee stood by himself and prayed these things: ‘God, I thank you that I am not like other people—swindlers, unjust, adulterers—or even like this tax collector.|Preserves ambiguous self-directed prayer, list, and contemptuous comparison.
18:12|I fast twice a week and give a tenth of everything I acquire.’|Keeps exact frequency and comprehensive tithing claim.
18:13|But the tax collector stood far off and would not even lift his eyes to heaven. Instead, he kept beating his chest and saying, ‘God, be merciful to me, the sinner.’|Preserves distance, lowered eyes, repeated bodily grief, and definite self-accusation.
18:14|I tell you, this man went down to his home justified rather than the other. For everyone who exalts himself will be humbled, but whoever humbles himself will be exalted.”|Keeps comparative justification, temple descent, and reversal.
18:15|People were bringing even infants to Jesus for him to touch them. When the disciples saw this, they rebuked them.|Retains infants, touch, disciples’ observation, and rebuke.
18:16|But Jesus called the children to him and said, “Let the children come to me; do not stop them, because the kingdom of God belongs to people like these.|Keeps Jesus’ welcome, doubled command, and kingdom belonging.
18:17|Truly I tell you, whoever does not receive the kingdom of God like a child will certainly not enter it.”|Preserves solemn saying, receiving, comparison, and emphatic exclusion.
18:18|A ruler asked him, “Good Teacher, what must I do to inherit eternal life?”|Keeps ruler, address, action, inheritance, and eternal life.
18:19|Jesus said to him, “Why do you call me good? No one is good except God alone.|Preserves question and exclusive claim without explaining it away.
18:20|You know the commandments: Do not commit adultery; do not murder; do not steal; do not give false testimony; honor your father and mother.”|Retains all five commands and their order.
18:21|He replied, “I have kept all these since my youth.”|Keeps comprehensive lifelong claim.
18:22|When Jesus heard this, he told him, “You still lack one thing: sell everything you have and distribute the proceeds to the poor, and you will have treasure in heaven. Then come, follow me.”|Preserves single lack, total sale, distribution, heavenly treasure, and following.
18:23|But when the man heard this, he became deeply sorrowful, because he was extremely rich.|Keeps response and reason’s intensity.
18:24|Seeing him, Jesus said, “How difficult it is for those who have wealth to enter the kingdom of God!|Retains observation, wealth, difficulty, and kingdom entry.
18:25|Indeed, it is easier for a camel to enter through the eye of a needle than for a rich person to enter the kingdom of God.”|Keeps deliberately impossible camel-needle image.
18:26|Those who heard asked, “Then who can be saved?”|Preserves audience and salvation question.
18:27|Jesus replied, “What is impossible for people is possible with God.”|Keeps human-divine ability contrast.
18:28|Peter said, “Look, we have left what was ours and followed you.”|Retains named speaker, renunciation, and following.
18:29|Jesus told them, “Truly I tell you, no one who has left house, wife, brothers, parents, or children for the sake of God’s kingdom|Keeps solemn assurance and every specifically named relationship.
18:30|will fail to receive many times more in this present time, and in the coming age eternal life.”|Preserves present multiplied return and future-age life without specifying form.
18:31|Taking the Twelve aside, Jesus told them, “Look, we are going up to Jerusalem, and everything written by the prophets about the Son of Man will be fulfilled.|Keeps private audience, ascent, Jerusalem, prophets, and comprehensive fulfillment.
18:32|He will be handed over to the Gentiles, mocked, abused, and spat on.|Retains passive handing over and three forms of humiliation.
18:33|After flogging him, they will kill him, and on the third day he will rise.”|Keeps violence, death, exact day, and resurrection.
18:34|But they understood none of these things. This saying was hidden from them, and they did not grasp what was said.|Preserves threefold lack of understanding without blaming a stated agent.
18:35|As Jesus approached Jericho, a blind man was sitting beside the road begging.|Keeps location, blindness, posture, and livelihood.
18:36|When he heard a crowd going by, he asked what was happening.|Preserves auditory perception and question.
18:37|They told him, “Jesus the Nazarene is passing by.”|Keeps source-form title and movement.
18:38|He cried out, “Jesus, Son of David, have mercy on me!”|Retains messianic title and plea.
18:39|Those leading the way rebuked him and told him to be quiet, but he shouted all the more, “Son of David, have mercy on me!”|Preserves social silencing and intensified persistence.
18:40|Jesus stopped and ordered that the man be brought to him. When he came near, Jesus asked him,|Keeps Jesus’ halt, command, movement, and direct engagement.
18:41|“What do you want me to do for you?” He replied, “Lord, let me see again.”|Preserves agency-giving question and request for restored sight.
18:42|Jesus told him, “See again. Your faith has saved you.”|Keeps restoration command and broad salvation language.
18:43|Immediately he regained his sight and followed Jesus, glorifying God. When all the people saw it, they gave praise to God.|Retains immediacy, discipleship, individual praise, public sight, and communal praise.
19:1|Jesus entered Jericho and was passing through.|Keeps location and movement.
19:2|There was a man named Zacchaeus. He was a chief tax collector and was wealthy.|Preserves name, gender, office, and wealth.
19:3|He was trying to see who Jesus was, but he could not because of the crowd, since he was short.|Keeps desire, obstruction, and stature explanation.
19:4|So he ran ahead and climbed a sycamore-fig tree to see Jesus, who was about to pass that way.|Retains undignified actions, specific tree, purpose, and route.
19:5|When Jesus reached the place, he looked up and said to him, “Zacchaeus, hurry and come down, because today I must stay at your house.”|Keeps named initiative, urgency, today, divine necessity, and lodging.
19:6|So he hurried down and welcomed Jesus joyfully.|Preserves prompt response and joy.
19:7|When everyone saw this, they began to grumble, “He has gone in to lodge with a sinful man.”|Keeps universal observation, complaint, lodging, and social label.
19:8|But Zacchaeus stood and said to the Lord, “Look, Lord, I give half of my possessions to the poor, and if I have defrauded anyone of anything, I repay four times as much.”|Preserves present-tense pledge/practice, exact proportions, fraud, and restitution.
19:9|Jesus said to him, “Today salvation has come to this house, because this man too is a son of Abraham.|Keeps today, household salvation, inclusion, and Abrahamic identity.
19:10|For the Son of Man came to seek and to save the lost.”|Retains mission, seeking, saving, and lost.
19:11|As they were listening to these things, Jesus went on to tell a parable because he was near Jerusalem and they thought God’s kingdom was about to appear immediately.|Preserves audience, location, mistaken timing, and explanatory purpose.
19:12|He said, “A nobleman went to a distant country to receive royal authority for himself and then return.|Keeps status, distance, kingship, and planned return.
19:13|He called ten of his servants, gave them ten minas, and said, ‘Conduct business with these until I return.’|Preserves exact servants and money, commerce, and interval.
19:14|But his citizens hated him and sent a delegation after him to say, ‘We do not want this man to rule over us.’|Keeps political hatred, embassy, and refusal of kingship.
19:15|After receiving royal authority, he returned and summoned the servants to whom he had given the money, so that he could find out what they had earned through business.|Preserves successful kingship, return, summons, entrusted silver, and accounting.
19:16|The first came and said, ‘Lord, your mina has earned ten more minas.’|Keeps first servant and exact tenfold result.
19:17|The nobleman told him, ‘Well done, good servant! Because you have been faithful in a very small matter, take authority over ten cities.’|Retains praise, small trust, authority, and exact cities.
19:18|The second came and said, ‘Your mina, Lord, has made five minas.’|Keeps second servant and exact return.
19:19|He told this servant too, ‘You are to be over five cities.’|Preserves corresponding authority and number.
19:20|Then another servant came and said, ‘Lord, here is your mina, which I kept put away in a cloth.|Keeps another servant, retained money, and cloth.
19:21|I was afraid of you because you are a harsh man: you take what you did not deposit and reap what you did not sow.’|Preserves fear, accusation of harshness, taking, and reaping.
19:22|The nobleman replied, ‘I will judge you by your own words, wicked servant. You knew, did you, that I am a harsh man, taking what I did not deposit and reaping what I did not sow?|Keeps judgment from his claim and repeats it as a challenging question rather than narrator endorsement.
19:23|Then why did you not put my money in a bank, so that when I returned I could have collected it with interest?’|Retains bank, return, collection, and interest.
19:24|Then he said to those standing nearby, ‘Take the mina from him and give it to the one who has ten minas.’|Keeps witnesses, removal, and transfer.
19:25|They said to him, ‘Lord, he already has ten minas!’|Preserves objection and exact amount.
19:26|‘I tell you, to everyone who has, more will be given; but from the one who does not have, even what he has will be taken away.|Keeps paradoxical distribution and repeated having.
19:27|But as for these enemies of mine who did not want me to rule over them, bring them here and slaughter them in front of me.’”|Retains the ruler-character’s brutal command without turning it into commentary or softening violence.
19:28|After Jesus said these things, he went on ahead, going up to Jerusalem.|Keeps sequence, leadership, ascent, and destination.
19:29|As he approached Bethphage and Bethany near the hill called the Mount of Olives, he sent two of his disciples,|Preserves both villages, named mount, and exact number.
19:30|saying, “Go into the village opposite you. As you enter it, you will find a colt tied there that no one has ever sat on. Untie it and bring it here.|Keeps route, tied colt, unused status, and commands.
19:31|If anyone asks you, ‘Why are you untying it?’ say this: ‘The Lord needs it.’”|Preserves anticipated question and exact answer.
19:32|Those who were sent went and found everything just as he had told them.|Keeps commissioned identity and exact fulfillment.
19:33|As they were untying the colt, its owners asked them, “Why are you untying the colt?”|Retains plural owners and repeated question.
19:34|They replied, “The Lord needs it.”|Keeps concise authorized answer.
19:35|They brought it to Jesus, threw their cloaks on the colt, and helped Jesus mount it.|Preserves colt, garments, and enthroning-like action.
19:36|As he rode along, people spread their cloaks on the road.|Keeps movement and public garment gesture.
19:37|As he came near the road down the Mount of Olives, the whole multitude of disciples began rejoicing and praising God with a loud voice for all the mighty works they had seen.|Preserves precise location, whole disciple crowd, loud joy, God, and witnessed deeds.
19:38|They said, “Blessed is the king who comes in the name of the Lord! Peace in heaven and glory in the highest!”|Keeps king, scriptural blessing, heavenly peace, and highest glory.
19:39|Some Pharisees in the crowd said to him, “Teacher, rebuke your disciples.”|Preserves speakers’ location and demand.
19:40|He replied, “I tell you, if these people become silent, the stones will cry out.”|Keeps conditional silence and personified stones.
19:41|As Jesus came near and saw the city, he wept over it|Preserves sight, approach, and grief.
19:42|and said, “If only you too had recognized on this day what makes for peace! But now it has been hidden from your eyes.|Keeps unfinished lament, shared possibility, peace, and hidden sight.
19:43|For days will come upon you when your enemies will build a siege ramp around you, encircle you, and press in on you from every side.|Preserves future siege, ramp, enclosure, and pressure.
19:44|They will crush you to the ground, you and the children within you. They will not leave one stone on another within you, because you did not recognize the time when God visited you.”|Names violence against inhabitants and children, total destruction, and missed visitation.
19:45|Then Jesus entered the temple courts and began driving out those who were selling.|Keeps entry, sacred precinct, expulsion, and pinned source’s sellers only.
19:46|He told them, “It is written, ‘My house will be a house of prayer,’ but you have made it ‘a den of robbers.’”|Preserves both scriptural phrases and contrast.
19:47|Every day Jesus was teaching in the temple courts. But the chief priests, scribes, and leaders of the people were seeking to destroy him.|Keeps daily teaching and all three hostile groups with lethal intent.
19:48|Yet they could not find anything they could do, because all the people were hanging on his every word.|Preserves leaders’ frustration and people’s intense listening.
20:1|One day, while Jesus was teaching the people in the temple courts and proclaiming the good news, the chief priests and scribes came up with the elders|Keeps teaching and gospel activity, place, and all three leadership groups.
20:2|and said to him, “Tell us by what authority you are doing these things, or who gave you this authority.”|Preserves both authority questions and giver.
20:3|He answered them, “I will also ask you a question. Tell me:|Keeps counterquestion and command to answer.
20:4|Was John’s baptism from heaven or from people?”|Preserves baptism, source alternatives, and concise dilemma.
20:5|They reasoned among themselves, “If we say, ‘From heaven,’ he will ask, ‘Why did you not believe him?’|Keeps private calculation and first consequence.
20:6|But if we say, ‘From people,’ all the people will stone us, because they are convinced that John was a prophet.”|Retains crowd’s lethal threat and conviction about John.
20:7|So they answered that they did not know where it came from.|Keeps evasive answer and origin.
20:8|Jesus told them, “Then neither will I tell you by what authority I do these things.”|Preserves reciprocal refusal and authority language.
20:9|Then he began telling the people this parable: “A man planted a vineyard, leased it to tenant farmers, and went away for a long time.|Keeps audience, owner, vineyard, lease, and prolonged absence.
20:10|At harvest time he sent a servant to the tenants so they would give him some of the vineyard’s fruit. But the tenants beat the servant and sent him away empty-handed.|Preserves rightful fruit, violence, and empty return.
20:11|He sent another servant, but they beat and humiliated him too and sent him away empty-handed.|Keeps escalation through beating and dishonor.
20:12|Then he sent a third, but they wounded this one and threw him out.|Retains exact sequence, injury, and expulsion.
20:13|The vineyard owner said, ‘What should I do? I will send my beloved son. Perhaps they will respect him.’|Keeps deliberation, beloved son, and hopeful respect.
20:14|But when the tenants saw him, they discussed it together and said, ‘This is the heir. Let us kill him so that the inheritance will become ours.’|Preserves recognition, conspiracy, murder, and seizure motive.
20:15|So they threw him out of the vineyard and killed him. What, then, will the vineyard owner do to them?|Keeps expulsion before killing and rhetorical judgment question.
20:16|He will come, destroy those tenants, and give the vineyard to others.” When the people heard this, they said, “May it never happen!”|Retains owner’s three actions and audience’s horrified response.
20:17|But Jesus looked directly at them and said, “Then what does this Scripture mean: ‘The stone the builders rejected has become the cornerstone’?|Keeps gaze, interpretive question, rejection, and cornerstone image.
20:18|Everyone who falls on that stone will be broken to pieces, and anyone on whom it falls will be crushed.”|Preserves both violent stone outcomes.
20:19|The scribes and chief priests wanted to lay hands on him that very hour, because they knew he had told this parable against them—but they were afraid of the people.|Keeps two leadership groups, immediate intent, recognition, and fear.
20:20|So they watched him closely and sent spies pretending to be righteous, hoping to catch him in something he said and hand him over to the governor’s rule and authority.|Preserves surveillance, hypocrisy, verbal trap, and political handover.
20:21|They asked him, “Teacher, we know that you speak and teach correctly and show no partiality, but teach God’s way truthfully.|Keeps flattering claims, impartiality, and God’s way.
20:22|Is it lawful for us to pay tribute to Caesar or not?”|Preserves legal question, communal “us,” tax, and Caesar.
20:23|But Jesus perceived their craftiness and said to them,|Keeps discernment of deceit.
20:24|“Show me a denarius. Whose image and inscription does it have?” They answered, “Caesar’s.”|Retains coin, image, inscription, and answer.
20:25|He told them, “Then give back to Caesar what belongs to Caesar, and to God what belongs to God.”|Renders apodidōmi as give back and preserves parallel obligations.
20:26|They could not catch him in his words before the people. Astonished by his answer, they became silent.|Keeps failed public trap, wonder, and silence.
20:27|Some Sadducees, who deny that there is a resurrection, came to him and asked,|Preserves group and narrator’s theological identification.
20:28|“Teacher, Moses wrote for us that if a man’s married brother dies childless, the man should take the widow and raise up offspring for his brother.|Keeps Mosaic basis, levirate relation, childlessness, and offspring purpose.
20:29|Now there were seven brothers. The first married a woman and died childless.|Retains exact number and first outcome.
20:30|Then the second married her,|Preserves terse continuation in the pinned source.
20:31|and then the third. In the same way, all seven married her, left no children, and died.|Keeps all seven, childlessness, and deaths.
20:32|Finally, the woman also died.|Retains her death as last event.
20:33|So in the resurrection, whose wife will she be? For all seven had married her.”|Keeps resurrection premise, wife question, and exact number.
20:34|Jesus told them, “The people of this age marry and are given in marriage.|Preserves this-age scope and both marriage voices.
20:35|But those considered worthy to take part in that age and in the resurrection from the dead neither marry nor are given in marriage.|Keeps worthiness, future age, resurrection, and marriage contrast.
20:36|Indeed, they can no longer die, because they are like angels and are children of God, being children of the resurrection.|Preserves immortality, angel likeness, and two sonship relations.
20:37|But even Moses showed that the dead are raised, in the passage about the bush, where he calls the Lord ‘the God of Abraham, the God of Isaac, and the God of Jacob.’|Keeps Moses, bush setting, resurrection inference, and three names.
20:38|He is not God of the dead but of the living, for to him all are alive.”|Preserves contrast and Godward life.
20:39|Some of the scribes responded, “Teacher, you have spoken well.”|Keeps approving subgroup and address.
20:40|For they no longer dared to ask him anything.|Retains end of challenges through fear.
20:41|Then Jesus said to them, “How can people say that the Messiah is David’s son?|Keeps interpretive question and messianic-Davidic relation.
20:42|For David himself says in the book of Psalms, ‘The Lord said to my Lord, “Sit at my right hand|Preserves Davidic attribution, Psalms, two Lord references, and right hand.
20:43|until I make your enemies a footstool for your feet.”’|Keeps enemies and concrete footstool image.
20:44|David therefore calls him ‘Lord.’ So how is he David’s son?”|Retains unresolved lord-son question.
20:45|While all the people were listening, Jesus said to his disciples,|Keeps public audience and disciple-directed warning.
20:46|“Beware of the scribes, who like to walk around in long robes, love greetings in the marketplaces, the best seats in the synagogues, and places of honor at banquets.|Preserves clothing and all three forms of public status.
20:47|They devour widows’ houses and, as a pretense, make long prayers. They will receive a more severe judgment.”|Keeps economic exploitation, religious cover, and intensified judgment.
21:1|Jesus looked up and saw rich people putting their gifts into the temple treasury.|Preserves sight, wealthy donors, gifts, and treasury.
21:2|He also saw a poor widow put in two small coins.|Keeps widow, poverty, and exact amount.
21:3|He said, “Truly I tell you, this poor widow has put in more than all the others.|Retains solemn claim, her poverty, and comparative gift.
21:4|For all of them gave gifts from their abundance, but she, out of her poverty, put in all she had to live on.”|Preserves abundance-poverty contrast and total livelihood, without praising exploitation beyond the text.
21:5|When some were speaking about the temple, how it was adorned with beautiful stones and gifts dedicated to God, Jesus said,|Keeps speakers indefinite, beauty, stones, and votive gifts.
21:6|“As for these things you see, days are coming when not one stone will be left on another; every one will be torn down.”|Retains visual referent, future days, and total dismantling.
21:7|They asked him, “Teacher, when will these things happen, and what will be the sign when they are about to take place?”|Keeps time and sign questions.
21:8|He replied, “Watch out that you are not led astray. Many will come in my name, saying, ‘I am he,’ and ‘The time has come near.’ Do not follow them.|Preserves warning, false identity and timing claims, and command.
21:9|When you hear of wars and rebellions, do not be terrified. These things must happen first, but the end will not come immediately.”|Keeps wars, upheavals, divine necessity, and delayed end.
21:10|Then he said to them, “Nation will rise against nation, and kingdom against kingdom.|Preserves parallel geopolitical conflict.
21:11|There will be great earthquakes and, in various places, famines and plagues. There will also be terrifying events and great signs from heaven.|Keeps disasters, distributed locations, terror, and heavenly signs.
21:12|But before all these things, they will seize and persecute you, handing you over to synagogues and prisons and bringing you before kings and governors because of my name.|Preserves priority, bodily seizure, religious and state custody, and cause.
21:13|This will result in an opportunity for you to testify.|Keeps persecution’s witness function.
21:14|So resolve in your hearts not to prepare your defense beforehand,|Preserves inward decision and prohibition of rehearsing.
21:15|because I will give you words and wisdom that none of your opponents will be able to resist or contradict.|Keeps Jesus as giver, speech, wisdom, and opponents’ double inability.
21:16|You will be betrayed even by parents, brothers, relatives, and friends, and they will put some of you to death.|Names all relationships and real lethal harm.
21:17|Everyone will hate you because of my name.|Keeps comprehensive hatred and cause.
21:18|Yet not a hair of your head will perish.|Retains apparent tension with death rather than resolving it.
21:19|By your endurance you will gain your lives.|Keeps endurance and difficult acquisition-of-life wording.
21:20|“When you see Jerusalem surrounded by armies, then know that its desolation has come near.|Preserves visible military encirclement, city, and nearness.
21:21|Then those in Judea must flee to the mountains, those inside Jerusalem must leave, and those in the countryside must not enter it.|Keeps three groups and urgent movements.
21:22|For these are days of vengeance, when everything written will be fulfilled.|Retains vengeance, written testimony, and fulfillment.
21:23|How terrible it will be in those days for pregnant women and those nursing infants! For there will be great distress on the land and wrath against this people.|Names gendered bodily vulnerability, infants, distress, land, and wrath.
21:24|They will fall by the edge of the sword and be taken captive into all the nations. Jerusalem will be trampled by the nations until the times of the nations are fulfilled.|Preserves killing, captivity, dispersion, trampling, and bounded Gentile times.
21:25|“There will be signs in the sun, moon, and stars, and on earth the nations will be in anguish, bewildered by the roaring and surging sea.|Keeps cosmic bodies, national distress, and chaotic sea sounds.
21:26|People will faint from fear and expectation of what is coming on the inhabited world, because the powers of the heavens will be shaken.|Preserves bodily collapse, worldwide dread, and cosmic shaking.
21:27|Then they will see the Son of Man coming in a cloud with power and great glory.|Keeps visible coming, cloud, power, and glory.
21:28|When these things begin to happen, stand up and lift your heads, because your redemption is drawing near.”|Retains bodily courage and nearing release.
21:29|Then he told them a parable: “Look at the fig tree and all the trees.|Keeps fig tree within broader arboreal comparison.
21:30|As soon as they put out leaves, you can see for yourselves and know that summer is already near.|Preserves direct observation and season’s nearness.
21:31|In the same way, when you see these things happening, know that the kingdom of God is near.|Keeps analogy, visible events, knowledge, and kingdom.
21:32|Truly I tell you, this generation will certainly not pass away until all these things happen.|Retains solemn assurance, generation, emphatic negation, and comprehensive events.
21:33|Heaven and earth will pass away, but my words will certainly not pass away.|Preserves cosmic contrast and emphatic durability.
21:34|“Watch yourselves, or your hearts may be weighed down with dissipation, drunkenness, and the worries of daily life, and that day may come on you suddenly|Keeps self-watch, three burdens, heart image, and sudden day.
21:35|like a trap. For it will come upon everyone who lives on the face of the whole earth.|Retains trap image and global scope.
21:36|Stay alert at all times, praying that you may have strength to escape all these things that are about to happen and to stand before the Son of Man.”|Keeps continual vigilance, prayer, escape, and final standing.
21:37|Each day Jesus taught in the temple courts, and each night he went out and stayed on the hill called the Mount of Olives.|Preserves daily rhythm, teaching, temple, and named night location.
21:38|Early each morning, all the people came to him in the temple courts to listen.|Keeps collective early arrival and purpose.
22:1|The Festival of Unleavened Bread, called the Passover, was drawing near.|Preserves both festival names and nearness.
22:2|The chief priests and scribes were looking for a way to kill Jesus, because they were afraid of the people.|Keeps both groups, lethal intent, and fear.
22:3|Then Satan entered Judas, the one called Iscariot, who was numbered among the Twelve.|Retains Satan’s action, both identifiers, and inner-circle status.
22:4|Judas went away and discussed with the chief priests and temple guard commanders how he might hand Jesus over to them.|Keeps Judas’s initiative, both groups, and betrayal planning.
22:5|They were delighted and agreed to give him silver.|Preserves joy, agreement, and money.
22:6|He consented and began looking for an opportunity to hand Jesus over to them away from the crowd.|Keeps agreement, ongoing search, betrayal, and crowd avoidance.
22:7|Then came the day of Unleavened Bread when the Passover lamb had to be sacrificed.|Retains day, festival, lamb understood from Passover, and necessity.
22:8|Jesus sent Peter and John, saying, “Go prepare the Passover for us to eat.”|Keeps named pair, commission, and communal meal.
22:9|They asked him, “Where do you want us to prepare it?”|Preserves location question.
22:10|He told them, “Look, as you enter the city, a man carrying a jar of water will meet you. Follow him into the house he enters|Keeps sign, gender, jar, encounter, and route.
22:11|and tell the homeowner, ‘The Teacher asks you, “Where is the guest room where I may eat the Passover with my disciples?”’|Preserves title, host, guest room, and quoted question.
22:12|He will show you a large furnished upstairs room. Prepare it there.”|Keeps size, furnishing, upper room, and command.
22:13|They went and found everything just as he had told them, and they prepared the Passover.|Retains exact fulfillment and preparation.
22:14|When the hour came, Jesus reclined at the table, and the apostles were with him.|Keeps appointed hour, dining posture, and apostles.
22:15|He said to them, “I have deeply desired to eat this Passover with you before I suffer.|Preserves emphatic desire, fellowship, Passover, and coming suffering.
22:16|For I tell you, I will certainly not eat it again until it is fulfilled in the kingdom of God.”|Keeps emphatic abstention, fulfillment, and kingdom.
22:17|After taking a cup and giving thanks, he said, “Take this and share it among yourselves.|Preserves first cup, thanksgiving, and mutual distribution.
22:18|For I tell you, from now on I will certainly not drink from the fruit of the vine until the kingdom of God comes.”|Keeps grapevine idiom, emphatic abstention, and kingdom’s coming.
22:19|Then he took bread, gave thanks, broke it, and gave it to them, saying, “This is my body, [which is given for you. Do this in remembrance of me.|Preserves sequence, body saying, and opens source-bracketed longer wording visibly.
22:20|And in the same way after supper he took the cup, saying, ‘This cup is the new covenant in my blood, which is poured out for you.’]|Keeps the entire source-bracketed cup saying distinct from main-text certainty.
22:21|But look, the hand of the one betraying me is with mine on the table.|Retains table fellowship, hand image, and present betrayal.
22:22|For the Son of Man is going as it has been determined, but woe to that man through whom he is betrayed!”|Keeps divine determination alongside betrayer responsibility.
22:23|Then they began discussing among themselves which of them could be about to do this.|Preserves uncertainty and internal inquiry.
22:24|A dispute also arose among them about which of them was considered to be greatest.|Keeps competitive conflict and perceived status.
22:25|Jesus told them, “The kings of the nations rule over them, and those who exercise authority over them are called benefactors.|Preserves domination, authority, and honorific title.
22:26|But you must not be like that. Instead, the greatest among you must become like the youngest, and the one who leads like one who serves.|Keeps communal contrast and both status reversals.
22:27|For who is greater: the one reclining at the table, or the one serving? Is it not the one reclining? But I am among you as one who serves.|Retains conventional answer and Jesus’ embodied reversal.
22:28|You are the ones who have stayed with me through my trials.|Keeps commendation, continuity, and trials.
22:29|And I confer a kingdom on you, just as my Father conferred one on me,|Preserves covenantal conferred-kingdom relation.
22:30|so that you may eat and drink at my table in my kingdom and sit on thrones judging the twelve tribes of Israel.|Keeps banquet, kingdom, thrones, judgment, exact tribes, and Israel.
22:31|“Simon, Simon, look: Satan has demanded to sift all of you like wheat.|Preserves repeated name, Satan, plural object, and sifting image.
22:32|But I have prayed for you, Simon, that your faith may not fail. And when you have turned back, strengthen your brothers.”|Distinguishes singular prayer from plural testing and keeps restoration task.
22:33|Peter told him, “Lord, I am ready to go with you both to prison and to death.”|Keeps confident readiness and both outcomes.
22:34|Jesus replied, “I tell you, Peter, the rooster will not crow today until you have denied three times that you know me.”|Preserves direct name, today, rooster, exact denials, and knowing.
22:35|Then Jesus asked them, “When I sent you without a purse, bag, or sandals, did you lack anything?” They answered, “Nothing.”|Keeps three absent provisions and testimony of sufficiency.
22:36|He told them, “But now, whoever has a purse should take it, and likewise a bag. Whoever has no sword should sell his cloak and buy one.|Preserves changed situation, provisions, garment sale, and sword command without commentary.
22:37|For I tell you, this Scripture must be fulfilled in me: ‘He was counted among the lawless.’ Yes, what is written about me is reaching its fulfillment.”|Keeps necessity, quotation, lawless company, and completion.
22:38|They said, “Lord, look, here are two swords.” He replied, “That is enough.”|Retains exact number and ambiguous closing response.
22:39|Jesus went out and made his customary way to the Mount of Olives, and the disciples followed him.|Keeps habit, named place, and followers.
22:40|When he reached the place, he told them, “Pray that you may not enter into testing.”|Preserves location, prayer, and testing language.
22:41|He withdrew from them about a stone’s throw, knelt down, and prayed,|Keeps approximate distance, posture, and prayer.
22:42|“Father, if you are willing, take this cup away from me. Yet not my will, but yours be done.”|Preserves address, condition, cup, distinct wills, and submission.
22:43|[Then an angel from heaven appeared to him and strengthened him.|Opens the source-bracketed angel passage and retains heavenly aid.
22:44|In anguish, he prayed more earnestly, and his sweat became like drops of blood falling to the ground.]|Keeps source brackets, anguish, intensified prayer, and simile rather than diagnosis.
22:45|When Jesus rose from prayer and came to the disciples, he found them sleeping from sorrow.|Preserves return, sleep, and sorrow as cause.
22:46|He said to them, “Why are you sleeping? Get up and pray so that you do not enter into testing.”|Keeps question, two commands, and repeated testing warning.
22:47|While he was still speaking, a crowd appeared. The man called Judas, one of the Twelve, was leading them. He approached Jesus to kiss him.|Preserves interruption, Judas’s identity and leadership, and sign.
22:48|But Jesus asked him, “Judas, are you betraying the Son of Man with a kiss?”|Keeps name, betrayal, title, and intimate sign’s irony.
22:49|When those around Jesus saw what was about to happen, they asked, “Lord, should we strike with the sword?”|Preserves perception, collective question, and weapon.
22:50|Then one of them struck the high priest’s servant and cut off his right ear.|Keeps unidentified attacker, servant relation, and right ear.
22:51|But Jesus said, “No more of this!” He touched the man’s ear and healed him.|Retains stopping command, touch, and healing of an opponent.
22:52|Then Jesus said to the chief priests, temple guard commanders, and elders who had come against him, “Have you come out with swords and clubs as though I were a robber?|Names all three arresting groups, weapons, and robber comparison.
22:53|Every day I was with you in the temple courts, and you did not lay hands on me. But this is your hour—and the authority of darkness.”|Keeps public availability, failed prior arrest, their hour, and darkness.
22:54|They arrested him, led him away, and brought him into the high priest’s house. Peter followed at a distance.|Preserves sequence, destination, and Peter’s distance.
22:55|They kindled a fire in the middle of the courtyard and sat down together, and Peter sat among them.|Keeps central fire, shared sitting, and Peter’s risky location.
22:56|A servant girl saw him sitting in the firelight. Looking closely at him, she said, “This man was with him too.”|Preserves her status and gender, scrutiny, and accusation.
22:57|But Peter denied it, saying, “Woman, I do not know him.”|Keeps direct address and denial of knowing Jesus.
22:58|A little later, someone else saw him and said, “You are one of them too.” But Peter replied, “Man, I am not!”|Retains interval, second accuser, group denial, and address.
22:59|About an hour later, another person insisted, “Certainly this man was with him too, because he is also a Galilean.”|Keeps exact interval, certainty, and regional evidence.
22:60|But Peter said, “Man, I do not know what you are talking about!” Immediately, while he was still speaking, a rooster crowed.|Preserves evasive third denial and simultaneous sign.
22:61|The Lord turned and looked at Peter. Then Peter remembered the Lord’s word, how he had told him, “Before the rooster crows today, you will deny me three times.”|Keeps gaze, memory, today, and exact count.
22:62|And he went outside and wept bitterly.|Preserves movement and intense grief.
22:63|The men holding Jesus in custody mocked and beat him.|Names custodians, ridicule, and physical abuse.
22:64|They blindfolded him and kept asking, “Prophesy! Who was it that hit you?”|Preserves blindfold, repeated taunt, prophetic demand, and assault.
22:65|And they said many other blasphemous things against him.|Keeps breadth and abusive speech.
22:66|When day came, the council of the people assembled—both chief priests and scribes—and they led Jesus into their council chamber.|Preserves timing, council, both groups, and formal venue.
22:67|They said, “If you are the Messiah, tell us.” He replied, “If I tell you, you will certainly not believe.|Keeps identity demand and emphatic unbelief.
22:68|And if I ask you, you will certainly not answer.|Preserves reciprocal refusal and emphatic negation.
22:69|But from now on the Son of Man will be seated at the right hand of the power of God.”|Keeps temporal turn, title, enthronement, and divine power.
22:70|They all asked, “Are you, then, the Son of God?” He answered them, “You say that I am.”|Preserves universal question and Jesus’ deliberately responsive formulation.
22:71|They said, “Why do we need any more testimony? We ourselves have heard it from his own mouth.”|Keeps self-witness claim and legal conclusion.
23:1|Then their whole assembly rose and led Jesus to Pilate.|Preserves collective action, custody, and named governor.
23:2|They began accusing him: “We found this man misleading our nation, forbidding us to pay taxes to Caesar, and saying that he himself is Messiah, a king.”|Keeps all three political charges and their reported nature.
23:3|Pilate asked him, “Are you the king of the Jews?” Jesus answered, “You say so.”|Preserves title, question, and restrained response.
23:4|Then Pilate told the chief priests and the crowds, “I find no basis for a charge against this man.”|Keeps official finding, both audiences, and innocence.
23:5|But they kept insisting, “He stirs up the people by teaching throughout all Judea, beginning from Galilee even to this place.”|Retains persistence, alleged agitation, teaching, and geographic sweep.
23:6|When Pilate heard this, he asked whether the man was a Galilean.|Keeps regional jurisdiction question.
23:7|Learning that Jesus was under Herod’s jurisdiction, he sent him to Herod, who was also in Jerusalem during those days.|Preserves authority transfer, both rulers, location, and timing.
23:8|Herod was very glad to see Jesus, because for a long time he had wanted to see him after hearing about him. He hoped to see Jesus perform some sign.|Keeps Herod’s prolonged curiosity, report, and spectacle motive.
23:9|He questioned Jesus at considerable length, but Jesus gave him no answer.|Preserves many questions and total silence.
23:10|The chief priests and scribes stood there, vehemently accusing him.|Keeps both groups, presence, and intensity.
23:11|Then Herod and his soldiers treated Jesus with contempt and mocked him. Dressing him in splendid clothing, Herod sent him back to Pilate.|Names collaborative abuse, costume, mockery, and return.
23:12|That very day Herod and Pilate became friends with each other; before this they had been enemies.|Keeps exact timing and ironic reconciliation.
23:13|Pilate called together the chief priests, the rulers, and the people|Preserves all three summoned groups.
23:14|and said to them, “You brought me this man as one who was turning the people away. Look, after examining him in your presence, I found no basis in this man for the charges you bring against him.|Keeps accusation, public examination, and innocence finding.
23:15|Neither did Herod, because he sent him back to us. Clearly, he has done nothing deserving death.|Preserves corroboration, return, and death-penalty judgment.
23:16|Therefore, I will have him flogged and release him.”|Retains unjust physical punishment despite innocence and intended release.
23:18|But they all shouted together, “Away with this man! Release Barabbas to us!”|Preserves source omission of public verse 17, collective cry, and named alternative.
23:19|Barabbas had been thrown into prison for an uprising in the city and for murder.|Keeps imprisonment, political violence, city, and murder.
23:20|Wanting to release Jesus, Pilate addressed them again.|Retains Pilate’s desire and repeated appeal.
23:21|But they kept shouting, “Crucify him! Crucify him!”|Keeps repeated execution demand.
23:22|A third time he said to them, “Why? What evil has this man done? I have found in him nothing deserving death. Therefore, I will have him flogged and release him.”|Preserves exact iteration, innocence, yet threatened flogging.
23:23|But they pressed him with loud shouts, demanding that Jesus be crucified, and their voices prevailed.|Keeps coercive volume, demand, and outcome.
23:24|So Pilate decided that their demand should be carried out.|Preserves official capitulation and responsibility.
23:25|He released the man they asked for, the one imprisoned for uprising and murder, but handed Jesus over to their will.|Keeps moral contrast, named crimes by description, release, and handover.
23:26|As they led Jesus away, they seized Simon of Cyrene, who was coming in from the country, and laid the cross on him to carry behind Jesus.|Preserves coercion, full identity, origin movement, cross, and following position.
23:27|A great multitude of people followed him, including women who were beating their breasts and lamenting for him.|Keeps large crowd, women’s presence, bodily mourning, and lament.
23:28|Jesus turned to them and said, “Daughters of Jerusalem, do not weep for me; instead, weep for yourselves and for your children.|Preserves direct female address and redirected grief.
23:29|For look, days are coming when people will say, ‘Blessed are the women who are barren, the wombs that never gave birth, and the breasts that never nursed!’|Keeps reversal, women, wombs, breasts, birth, and nursing.
23:30|Then they will begin to say to the mountains, ‘Fall on us!’ and to the hills, ‘Cover us!’|Retains cosmic shelter/death pleas.
23:31|For if they do these things when the wood is green, what will happen when it is dry?”|Preserves compressed green/dry wood image without explanation.
23:32|Two others, both criminals, were also led away with him to be executed.|Keeps exact number, criminal identity, accompaniment, and death.
23:33|When they came to the place called the Skull, they crucified Jesus there with the criminals, one on his right and one on his left.|Preserves place name, crucifixion, criminals, and positions.
23:34|[Jesus said, “Father, forgive them, because they do not know what they are doing.”] Then they cast lots to divide his clothes.|Keeps source-bracketed prayer distinct and soldiers’ garment division.
23:35|The people stood watching, and the rulers also ridiculed him, saying, “He saved others; let him save himself if he is God’s Messiah, the Chosen One!”|Preserves spectators, rulers, mockery, salvation irony, and pinned title.
23:36|The soldiers also mocked him, coming up and offering him sour wine|Keeps soldiers, active mockery, approach, and drink.
23:37|and saying, “If you are the king of the Jews, save yourself!”|Retains title, conditional taunt, and salvation irony.
23:38|There was also an inscription above him: “This is the King of the Jews.”|Keeps public written charge and title.
23:39|One of the criminals hanging there blasphemed him: “Are you not the Messiah? Save yourself and us!”|Preserves criminal’s abuse, messianic challenge, and self-interest.
23:40|But the other rebuked him: “Do you not even fear God, since you are under the same sentence?|Keeps rebuke, divine fear, and shared judgment.
23:41|We are punished justly, because we are receiving what our deeds deserve. But this man has done nothing wrong.”|Retains confession of guilt and Jesus’ innocence.
23:42|Then he said, “Jesus, remember me when you come into your kingdom.”|Keeps direct name, memory request, coming, and kingdom.
23:43|Jesus told him, “Truly I tell you, today you will be with me in paradise.”|Preserves solemn assurance, today, companionship, and paradise.
23:44|It was now about noon, and darkness came over the whole land until three in the afternoon,|Renders ancient hours intelligibly while keeping approximation and duration.
23:45|because the sun’s light failed. The curtain of the sanctuary was torn down the middle.|Keeps solar failure and torn sacred barrier.
23:46|Then Jesus cried out with a loud voice, “Father, into your hands I entrust my spirit.” After saying this, he breathed his last.|Preserves volume, scriptural prayer, voluntary trust, and death.
23:47|When the centurion saw what happened, he glorified God and said, “This man truly was righteous.”|Keeps military witness, divine praise, and Luke’s righteous/innocent verdict.
23:48|When all the crowds who had gathered for this spectacle saw what happened, they returned home beating their breasts.|Preserves spectacle, witnessed events, bodily grief, and departure.
23:49|But all who knew Jesus, including the women who had followed him from Galilee, stood at a distance watching these things.|Keeps acquaintances, women, prior discipleship, distance, and witness.
23:50|Now there was a man named Joseph, a council member who was good and righteous.|Preserves name, office, and character.
23:51|He had not agreed with the council’s decision and action. He was from the Jewish town of Arimathea and was waiting for the kingdom of God.|Keeps dissent, decision and deed, origin, and kingdom hope.
23:52|Joseph went to Pilate and asked for Jesus’ body.|Preserves initiative, governor, request, and body.
23:53|He took it down, wrapped it in linen, and placed Jesus in a rock-hewn tomb where no one had ever been laid.|Keeps removal, cloth, carved tomb, and unused status.
23:54|It was the Preparation Day, and the Sabbath was about to begin.|Preserves Jewish temporal terms and approaching Sabbath.
23:55|The women who had come with Jesus from Galilee followed Joseph and saw the tomb and how his body was laid there.|Keeps women’s Galilean continuity, following, and precise eyewitness observation.
23:56|Then they returned and prepared spices and perfumed oils. On the Sabbath they rested according to the commandment.|Preserves preparation, both materials, rest, and Torah obedience.
24:1|But very early on the first day of the week, the women came to the tomb carrying the spices they had prepared.|Keeps day, early hour, female continuity, tomb, and prepared spices.
24:2|They found the stone rolled away from the tomb.|Preserves discovery and moved stone.
24:3|But when they entered, they did not find the body.|Keeps entry and absent body without adding “of Jesus” absent in pinned payload.
24:4|While they were perplexed about this, suddenly two men stood beside them in gleaming clothes.|Preserves confusion, exact number, male description, sudden presence, and radiant clothing.
24:5|Terrified, the women bowed their faces to the ground. The men said to them, “Why are you looking for the living one among the dead?|Keeps fear, posture, question, living-dead contrast.
24:6|[He is not here; he has risen.] Remember how he spoke to you while he was still in Galilee,|Preserves source-bracketed resurrection announcement separately and summons memory.
24:7|saying that the Son of Man must be handed over into the hands of sinful people, be crucified, and rise on the third day.”|Keeps necessity, human agents, crucifixion, exact day, and rising.
24:8|Then they remembered his words.|Preserves women’s fulfilled remembering.
24:9|Returning from the tomb, they reported all these things to the Eleven and to everyone else.|Keeps movement, comprehensive report, Eleven, and wider group.
24:10|The women were Mary Magdalene, Joanna, Mary the mother of James, and the others with them. They kept telling these things to the apostles,|Names the women, preserves the ambiguous Mary-of-James relation with conventional clarification, and repeated testimony.
24:11|but their words seemed like nonsense to the apostles, and they did not believe the women.|Retains dismissive judgment and gendered disbelief.
24:12|[But Peter got up and ran to the tomb. Stooping down, he saw only the linen cloths. Then he went away, wondering to himself what had happened.]|Keeps entire source-bracketed Peter episode visibly distinct and all actions.
24:13|Now that same day, two of them were walking to a village named Emmaus, about sixty stadia from Jerusalem.|Preserves exact number, day, destination, ancient distance, and Jerusalem.
24:14|They were talking with each other about everything that had happened.|Keeps mutual conversation and comprehensive subject.
24:15|As they talked and discussed these things, Jesus himself came near and began walking with them,|Preserves dialogue, Jesus’ initiative, proximity, and shared journey.
24:16|but their eyes were kept from recognizing him.|Keeps passive restraint without naming an agent.
24:17|He asked them, “What are these words you are exchanging as you walk?” They stopped, looking downcast.|Retains inquiry, back-and-forth discussion, halt, and grief.
24:18|One of them, named Cleopas, answered, “Are you the only visitor staying in Jerusalem who does not know the things that have happened there in these days?”|Preserves name, outsider assumption, Jerusalem, and recent events.
24:19|He asked them, “What things?” They replied, “The things about Jesus the Nazarene. He was a man who became a prophet, powerful in deed and word before God and all the people,|Keeps source-form title, prophetic identity, deed-word power, and witnesses.
24:20|and our chief priests and rulers handed him over to be condemned to death and crucified him.|Preserves local leadership responsibility, legal sentence, and execution.
24:21|But we had hoped that he was the one about to redeem Israel. Besides all this, today is the third day since these things happened.|Keeps disappointed hope, Israel’s redemption, and exact time.
24:22|Moreover, some women from our group astonished us. They were at the tomb early this morning,|Preserves women as insiders, their effect, tomb, and timing.
24:23|and when they did not find his body, they came saying they had even seen a vision of angels, who said he was alive.|Keeps absent body, reported vision, angels, and life claim.
24:24|Some of those with us went to the tomb and found it just as the women had said, but they did not see him.”|Preserves confirming visit, women’s reliability, and missing Jesus.
24:25|Then Jesus said to them, “How foolish you are, and how slow in heart to believe everything the prophets spoke!|Keeps rebuke, heart, belief, and all prophetic testimony.
24:26|Was it not necessary for the Messiah to suffer these things and enter his glory?”|Preserves necessity, suffering, messianic identity, and glory.
24:27|Beginning with Moses and all the Prophets, he interpreted for them the things about himself in all the Scriptures.|Keeps canonical sweep and Jesus-centered interpretation.
24:28|As they approached the village where they were going, Jesus acted as though he were going farther.|Preserves destination and apparent intention.
24:29|But they strongly urged him, “Stay with us, because it is nearly evening and the day is almost over.” So he went in to stay with them.|Keeps insistent hospitality, late hour, and accepted lodging.
24:30|When he reclined at the table with them, he took the bread, blessed it, broke it, and began giving it to them.|Preserves dining posture and fourfold bread action.
24:31|Then their eyes were opened and they recognized him, but he vanished from their sight.|Keeps passive opening, recognition, and disappearance.
24:32|They said to each other, “Were not our hearts burning within us while he spoke to us on the road and opened the Scriptures to us?”|Preserves shared heart image, journey, speech, and scriptural opening.
24:33|They got up that very hour and returned to Jerusalem. There they found the Eleven and those with them gathered together,|Keeps immediate nighttime return, destination, and community.
24:34|who were saying, “The Lord really has risen and has appeared to Simon!”|Preserves communal confession, resurrection, and named appearance.
24:35|Then the two told what had happened on the road and how Jesus became known to them in the breaking of the bread.|Keeps their testimony, road, recognition, and bread-breaking.
24:36|While they were saying these things, Jesus himself stood among them.|Preserves sudden personal presence in the group.
24:37|Startled and terrified, they thought they were seeing a spirit.|Keeps both fear terms and mistaken perception.
24:38|He said to them, “Why are you troubled, and why do doubts arise in your hearts?|Preserves two questions, emotional disturbance, and heart reasoning.
24:39|Look at my hands and my feet—it is I myself. Touch me and see, because a spirit does not have flesh and bones as you see that I have.”|Keeps bodily evidence, invitation to touch, flesh, and bones.
24:40|[After saying this, he showed them his hands and feet.]|Preserves source-bracketed demonstrative action distinctly.
24:41|While they still could not believe because of joy and amazement, he asked them, “Do you have anything here to eat?”|Keeps paradoxical joyful disbelief and food request.
24:42|They gave him a piece of broiled fish,|Preserves exact food and portion.
24:43|and he took it and ate it in front of them.|Keeps public embodied eating.
24:44|Then he told them, “These are the words I spoke to you while I was still with you: everything written about me in the Law of Moses, the Prophets, and the Psalms must be fulfilled.”|Preserves remembered speech, threefold Scriptures, necessity, and fulfillment.
24:45|Then he opened their minds to understand the Scriptures.|Keeps Jesus’ action, minds, understanding, and Scriptures.
24:46|He told them, “This is what is written: the Messiah must suffer and rise from the dead on the third day,|Preserves scriptural claim, suffering, resurrection, and exact day.
24:47|and repentance for the forgiveness of sins must be proclaimed in his name to all nations, beginning from Jerusalem.|Keeps repentance, forgiveness, proclamation, name, universal scope, and starting city.
24:48|You are witnesses of these things.|Preserves direct commissioning identity.
24:49|And look, I am sending my Father’s promise upon you. But stay in the city until you are clothed with power from on high.”|Keeps promise, Father, city waiting, clothing image, power, and source.
24:50|Then Jesus led them out as far as Bethany, lifted up his hands, and blessed them.|Preserves movement, place, gesture, and blessing.
24:51|While he was blessing them, he left them [and was carried up into heaven].|Keeps departure and source-bracketed ascension wording distinct.
24:52|[After worshiping him,] they returned to Jerusalem with great joy|Preserves source-bracketed worship and unbracketed joyful return.
24:53|and were continually in the temple courts blessing God.|Keeps sustained temple presence and praise.
